count	msgid	msgstr	modules
11	Created on	Tạo vào	g10_hybrid_production g10_master g10_mattermost_integration g10_miti_synchronization g10_one_off_production g10_production g10_report g10_shirt_production g10_stock g10_veston_production report_py3o
10	Created by	Tạo bởi	g10_hybrid_production g10_master g10_mattermost_integration g10_one_off_production g10_production g10_report g10_shirt_production g10_stock g10_veston_production report_py3o
10	Display Name	Tên hiển thị	g10_hybrid_production g10_master g10_mattermost_integration g10_one_off_production g10_production g10_report g10_shirt_production g10_stock g10_veston_production report_py3o
10	Last Updated by	Cập nhật lần cuối bởi	g10_hybrid_production g10_master g10_mattermost_integration g10_one_off_production g10_production g10_report g10_shirt_production g10_stock g10_veston_production report_py3o
10	Last Updated on	Cập nhật gần nhất vào	g10_hybrid_production g10_master g10_mattermost_integration g10_one_off_production g10_production g10_report g10_shirt_production g10_stock g10_veston_production report_py3o
9	Company	Đơn vị	g10_hybrid_production g10_master g10_mattermost_integration g10_one_off_production g10_production g10_report g10_shirt_production g10_stock g10_veston_production
9	Name	Tên	g10_hybrid_production g10_master g10_mattermost_integration g10_one_off_production g10_production g10_shirt_production g10_stock g10_veston_production report_py3o
8	Cancel	Hủy	g10_hybrid_production g10_miti_synchronization g10_one_off_production g10_production g10_report g10_shirt_production g10_stock g10_veston_production
7	Customer	Khách hàng	g10_master g10_miti_synchronization g10_one_off_production g10_production g10_shirt_production g10_stock g10_veston_production
7	Draft	Nháp	g10_hybrid_production g10_master g10_one_off_production g10_production g10_shirt_production g10_stock g10_veston_production
7	Group By	Nhóm theo	g10_hybrid_production g10_master g10_one_off_production g10_production g10_shirt_production g10_stock g10_veston_production
7	Product	Sản phẩm	g10_hybrid_production g10_master g10_miti_synchronization g10_one_off_production g10_production g10_shirt_production g10_veston_production
7	Product Variant	Biến thể sản phẩm	g10_hybrid_production g10_master g10_miti_synchronization g10_production g10_shirt_production g10_stock g10_veston_production
7	Production Order	Lệnh sản xuất	g10_hybrid_production g10_miti_synchronization g10_one_off_production g10_production g10_report g10_shirt_production g10_veston_production
7	Quantity	Số lượng	g10_hybrid_production g10_master g10_one_off_production g10_production g10_shirt_production g10_stock g10_veston_production
7	Res Production Line	Chuyền sản xuất	g10_hybrid_production g10_master g10_one_off_production g10_production g10_report g10_shirt_production g10_veston_production
7	State	Trạng thái	g10_hybrid_production g10_master g10_one_off_production g10_production g10_shirt_production g10_stock g10_veston_production
7	Status	Trạng thái	g10_hybrid_production g10_mattermost_integration g10_one_off_production g10_production g10_shirt_production g10_stock g10_veston_production
7	User	Người dùng	g10_access_management g10_hybrid_production g10_master g10_one_off_production g10_production g10_shirt_production g10_veston_production
6	Color	Màu	g10_hybrid_production g10_master g10_production g10_shirt_production g10_stock g10_veston_production
6	Confirm	Xác nhận	g10_hybrid_production g10_one_off_production g10_production g10_shirt_production g10_stock g10_veston_production
6	Confirmed	Xác nhận	g10_hybrid_production g10_one_off_production g10_production g10_shirt_production g10_stock g10_veston_production
6	Defect Quantity	Số lượng chi tiết lỗi	g10_hybrid_production g10_one_off_production g10_production g10_shirt_production g10_stock g10_veston_production
6	Fixed Quantity	Số lượng sửa lại	g10_hybrid_production g10_one_off_production g10_production g10_report g10_shirt_production g10_veston_production
6	Manufacturing Order	Lệnh sản xuất	g10_hybrid_production g10_miti_synchronization g10_one_off_production g10_production g10_shirt_production g10_veston_production
6	Material	Nguyên phụ liệu	g10_hybrid_production g10_master g10_miti_synchronization g10_production g10_stock g10_veston_production
6	Pass Quantity	SL đạt	g10_hybrid_production g10_one_off_production g10_production g10_report g10_shirt_production g10_veston_production
6	Product Category	Nhóm sản phẩm	g10_hybrid_production g10_master g10_miti_synchronization g10_shirt_production g10_stock g10_veston_production
6	Product Figure	Vóc	g10_hybrid_production g10_master g10_miti_synchronization g10_production g10_shirt_production g10_veston_production
6	Production	Lệnh Sản xuất	g10_hybrid_production g10_one_off_production g10_production g10_report g10_shirt_production g10_veston_production
6	Production Line	Chuyền SX	g10_hybrid_production g10_master g10_miti_synchronization g10_one_off_production g10_production g10_veston_production
6	Production Shift	Ca sản xuất	g10_hybrid_production g10_master g10_one_off_production g10_production g10_shirt_production g10_veston_production
6	Sequence	Trình tự	g10_hybrid_production g10_master g10_one_off_production g10_production g10_shirt_production g10_veston_production
6	Style	Mã hàng	g10_hybrid_production g10_master g10_production g10_shirt_production g10_stock g10_veston_production
6	Use this field for indentify color of material	Trường thông tin chỉ định màu của NVL/NPL	g10_hybrid_production g10_master g10_one_off_production g10_shirt_production g10_stock g10_veston_production
5	Back to Draft	Quay về Nháp	g10_hybrid_production g10_one_off_production g10_production g10_shirt_production g10_veston_production
5	Cancel Reason	Lý do từ chối	g10_hybrid_production g10_one_off_production g10_production g10_shirt_production g10_veston_production
5	Cancelled	Từ chối	g10_hybrid_production g10_one_off_production g10_production g10_shirt_production g10_veston_production
5	Category	Nhóm	g10_hybrid_production g10_one_off_production g10_shirt_production g10_stock g10_veston_production
5	Confirm Date	Ngày xác nhận	g10_hybrid_production g10_one_off_production g10_production g10_shirt_production g10_veston_production
5	Confirm User	Người xác nhận	g10_hybrid_production g10_one_off_production g10_production g10_shirt_production g10_veston_production
5	Date	Ngày	g10_hybrid_production g10_one_off_production g10_production g10_shirt_production g10_veston_production
5	Delivery Date	Ngày giao hàng	g10_hybrid_production g10_one_off_production g10_production g10_shirt_production g10_veston_production
5	Details	Chi tiết	g10_hybrid_production g10_one_off_production g10_shirt_production g10_stock g10_veston_production
5	Done	Hoàn thành	g10_hybrid_production g10_one_off_production g10_production g10_shirt_production g10_veston_production
5	Fail Quantity	SL Lỗi	g10_hybrid_production g10_one_off_production g10_production g10_shirt_production g10_veston_production
5	Import	Nhập	g10_hybrid_production g10_one_off_production g10_shirt_production g10_stock g10_veston_production
5	In Progress	Đang thực hiện	g10_hybrid_production g10_one_off_production g10_production g10_shirt_production g10_veston_production
5	Inspector	Người kiểm hóa	g10_hybrid_production g10_one_off_production g10_production g10_shirt_production g10_veston_production
5	Menu	Danh mục	g10_hybrid_production g10_one_off_production g10_production g10_shirt_production g10_veston_production
5	Note	Ghi chú	g10_hybrid_production g10_one_off_production g10_shirt_production g10_stock g10_veston_production
5	Partner	Khách hàng	g10_hybrid_production g10_master g10_shirt_production g10_stock g10_veston_production
5	Picking Count	Số phiếu xuất kho	g10_one_off_production g10_production g10_shirt_production g10_stock g10_veston_production
5	Plan Quantity	Số lượng cần sản xuất	g10_hybrid_production g10_one_off_production g10_production g10_shirt_production g10_veston_production
5	Pre Order	Đơn đặt hàng	g10_hybrid_production g10_master g10_production g10_shirt_production g10_veston_production
5	Product Color Code	Mã màu	g10_master g10_miti_synchronization g10_production g10_shirt_production g10_veston_production
5	Product Size	Cỡ sản phẩm	g10_master g10_miti_synchronization g10_production g10_shirt_production g10_veston_production
5	Production Defect	Mã lỗi	g10_hybrid_production g10_one_off_production g10_production g10_shirt_production g10_veston_production
5	Production Lines	Chi tiết lệnh SX	g10_hybrid_production g10_master g10_one_off_production g10_production g10_veston_production
5	Production Unit	Đơn vị	g10_hybrid_production g10_master g10_production g10_shirt_production g10_veston_production
5	Qty	Số lượng	g10_hybrid_production g10_one_off_production g10_production g10_shirt_production g10_veston_production
5	Reject	Từ chối	g10_hybrid_production g10_one_off_production g10_production g10_shirt_production g10_veston_production
5	Res Production Cluster	Cụm SX	g10_hybrid_production g10_master g10_one_off_production g10_shirt_production g10_veston_production
5	Roll Number	Cuộn số	g10_hybrid_production g10_one_off_production g10_shirt_production g10_stock g10_veston_production
5	Vendor	Nhà cung cấp	g10_hybrid_production g10_miti_synchronization g10_production g10_shirt_production g10_veston_production
4	Action Needed	Tác vụ cần thiết	g10_production g10_shirt_production g10_stock g10_veston_production
4	Actual Quantity	Số lượng thực tế	g10_hybrid_production g10_production g10_shirt_production g10_veston_production
4	Attachment Count	Số lượng tệp đính kèm	g10_production g10_shirt_production g10_stock g10_veston_production
4	Cancel reason is required!	Vui lòng nhập lý do từ chối!	g10_hybrid_production g10_one_off_production g10_shirt_production g10_veston_production
4	Color Name	Tên Màu	g10_hybrid_production g10_master g10_shirt_production g10_veston_production
4	Colors	Màu	g10_hybrid_production g10_shirt_production g10_stock g10_veston_production
4	Component Category	Nhóm thành phần	g10_hybrid_production g10_master g10_one_off_production g10_veston_production
4	Components	Thành phần	g10_hybrid_production g10_master g10_one_off_production g10_veston_production
4	Cutting Stage	Công đoạn Cắt	g10_hybrid_production g10_one_off_production g10_shirt_production g10_veston_production
4	Date Done	Ngày hoàn thành	g10_hybrid_production g10_one_off_production g10_shirt_production g10_veston_production
4	Defect	Lỗi	g10_hybrid_production g10_master g10_shirt_production g10_veston_production
4	Defect Code	Mã lỗi	g10_master g10_production g10_shirt_production g10_veston_production
4	Description	Ghi chú	g10_hybrid_production g10_one_off_production g10_stock g10_veston_production
4	End Buyer	Buyer	g10_hybrid_production g10_production g10_shirt_production g10_veston_production
4	Export	Xuất	g10_hybrid_production g10_one_off_production g10_shirt_production g10_veston_production
4	Exported	Đã xuất	g10_hybrid_production g10_one_off_production g10_shirt_production g10_veston_production
4	Fabric Type	Loại vải	g10_hybrid_production g10_one_off_production g10_stock g10_veston_production
4	Fail	Không đạt	g10_hybrid_production g10_one_off_production g10_production g10_veston_production
4	Followers	Người theo dõi	g10_production g10_shirt_production g10_stock g10_veston_production
4	Followers (Partners)	Người theo dõi (Đối tác)	g10_production g10_shirt_production g10_stock g10_veston_production
4	Grace Period	Ân hạn	g10_hybrid_production g10_production g10_shirt_production g10_veston_production
4	Has Message	Có tin nhắn	g10_production g10_shirt_production g10_stock g10_veston_production
4	Head Piece	Đầu tấm	g10_hybrid_production g10_shirt_production g10_stock g10_veston_production
4	If checked, new messages require your attention.	Nếu chọn, bạn cần chú ý tới các tin nhắn mới.	g10_production g10_shirt_production g10_stock g10_veston_production
4	If checked, some messages have a delivery error.	Nếu chọn, một số tin nhắn sẽ có lỗi gửi.	g10_production g10_shirt_production g10_stock g10_veston_production
4	Images	Ảnh	g10_one_off_production g10_production g10_shirt_production g10_veston_production
4	Imported	Đã nhập	g10_hybrid_production g10_one_off_production g10_shirt_production g10_veston_production
4	Inspection Quantity	Số lượng	g10_one_off_production g10_production g10_shirt_production g10_veston_production
4	Inspection Type	Ngày kiểm	g10_production g10_shirt_production g10_stock g10_veston_production
4	Is Follower	Là người theo dõi	g10_production g10_shirt_production g10_stock g10_veston_production
4	Length	Độ dài	g10_hybrid_production g10_one_off_production g10_shirt_production g10_veston_production
4	Lines	Chi tiết	g10_hybrid_production g10_one_off_production g10_shirt_production g10_veston_production
4	Material Color	Màu NPL	g10_hybrid_production g10_one_off_production g10_stock g10_veston_production
4	Message Delivery error	Lỗi gửi tin nhắn	g10_production g10_shirt_production g10_stock g10_veston_production
4	Messages	Tin nhắn	g10_production g10_shirt_production g10_stock g10_veston_production
4	Number of Actions	Số lượng tác vụ	g10_production g10_shirt_production g10_stock g10_veston_production
4	Number of errors	Số lượng lỗi	g10_production g10_shirt_production g10_stock g10_veston_production
4	Number of messages requiring action	Số tin nhắn cần xử lý	g10_production g10_shirt_production g10_stock g10_veston_production
4	Number of messages with delivery error	Số tin nhắn bị gửi lỗi	g10_production g10_shirt_production g10_stock g10_veston_production
4	Package	Kiện hàng	g10_hybrid_production g10_shirt_production g10_stock g10_veston_production
4	Pass	Đạt	g10_hybrid_production g10_one_off_production g10_production g10_veston_production
4	Pass Qty	SL Đạt	g10_hybrid_production g10_production g10_shirt_production g10_veston_production
4	Pending	Trình duyệt	g10_master g10_mattermost_integration g10_one_off_production g10_veston_production
4	Pickings	Điều chuyển	g10_production g10_shirt_production g10_stock g10_veston_production
4	Pressing Stage	Công đoạn là	g10_hybrid_production g10_one_off_production g10_shirt_production g10_veston_production
4	Product Color	Màu sản phẩm	g10_miti_synchronization g10_production g10_shirt_production g10_veston_production
4	Product Unit of Measure	Đơn vị sản xuất	g10_hybrid_production g10_miti_synchronization g10_shirt_production g10_veston_production
4	Production Cutting Unit	Đơn vị cắt	g10_hybrid_production g10_production g10_shirt_production g10_veston_production
4	Production Defect Area	Khu vực lỗi	g10_one_off_production g10_production g10_shirt_production g10_veston_production
4	Production Documents	Sở cứ tài liệu	g10_hybrid_production g10_production g10_shirt_production g10_veston_production
4	Production Orders	Lệnh sản xuất	g10_hybrid_production g10_production g10_shirt_production g10_veston_production
4	Production Seconds	Giây chế tạo	g10_hybrid_production g10_production g10_shirt_production g10_veston_production
4	Production Sewing Unit	Đơn vị May	g10_hybrid_production g10_production g10_shirt_production g10_veston_production
4	Recheck Count	Số lần recheck	g10_one_off_production g10_production g10_shirt_production g10_veston_production
4	Recheck Quantity	Số lượng recheck	g10_one_off_production g10_production g10_shirt_production g10_veston_production
4	SMS Delivery error	Lỗi gửi SMS	g10_production g10_shirt_production g10_stock g10_veston_production
4	Sample Quantity	Số lượng lấy mẫu	g10_hybrid_production g10_production g10_shirt_production g10_stock
4	Scanning...	Đang quét...	g10_hybrid_production g10_one_off_production g10_shirt_production g10_veston_production
4	Set to Draft	Chuyển về Nháp	g10_hybrid_production g10_one_off_production g10_shirt_production g10_veston_production
4	Sewing Stage	Công đoạn May	g10_hybrid_production g10_one_off_production g10_shirt_production g10_veston_production
4	Shine	Ánh/Lót	g10_hybrid_production g10_shirt_production g10_stock g10_veston_production
4	Size	Cỡ	g10_hybrid_production g10_shirt_production g10_stock g10_veston_production
4	Sizes	Cỡ/Vóc	g10_hybrid_production g10_master g10_shirt_production g10_veston_production
4	Stage Inspection	Kiểm hóa công đoạn	g10_mattermost_integration g10_mobile g10_production g10_shirt_production
4	Stage Inspection Lines	Chi tiết kiểm hóa	g10_hybrid_production g10_production g10_shirt_production g10_veston_production
4	Supply Lines	Chi tiết nhập	g10_hybrid_production g10_one_off_production g10_shirt_production g10_veston_production
4	Supply Quantity	Số lượng cấp	g10_one_off_production g10_production g10_shirt_production g10_veston_production
4	Sync Date	Ngày đồng bộ	g10_hybrid_production g10_production g10_shirt_production g10_veston_production
4	Total Pass Quantity	Tổng số lượng đạt	g10_one_off_production g10_production g10_shirt_production g10_veston_production
4	Total Qty	Tổng SL nhập	g10_hybrid_production g10_production g10_shirt_production g10_veston_production
4	Total Quantity	Tổng	g10_hybrid_production g10_production g10_shirt_production g10_veston_production
4	Update	Cập nhật	g10_hybrid_production g10_shirt_production g10_veston_production
4	Warning	Cảnh báo	g10_one_off_production g10_shirt_production g10_stock g10_veston_production
4	Website Messages	Thông báo trên trang web	g10_production g10_shirt_production g10_stock g10_veston_production
4	Website communication history	Lịch sử trao đổi qua trang web	g10_production g10_shirt_production g10_stock g10_veston_production
3	"<span class=""o_stat_text"">Stage Inspections</span>"	"<span class=""o_stat_text"">Kiểm hóa cắt</span>"	g10_hybrid_production g10_shirt_production g10_veston_production
3	AQL Quantity	Số lượng AQL	g10_hybrid_production g10_production g10_shirt_production
3	AQL Rule	Quy tắc AQL	g10_hybrid_production g10_production g10_shirt_production
3	Accumulate Pass Qty	Số lượng đạt lũy kế	g10_hybrid_production g10_one_off_production g10_veston_production
3	Accumulated Imported Qty	Lũy kế nhập	g10_hybrid_production g10_one_off_production g10_veston_production
3	Active	Đang hoạt động	g10_mattermost_integration g10_shirt_production g10_stock
3	Activities	Hoạt động	g10_production g10_shirt_production g10_stock
3	Activity Exception Decoration	Hoạt động ngoại lệ	g10_production g10_shirt_production g10_stock
3	Activity State	Trạng thái hoạt động	g10_production g10_shirt_production g10_stock
3	Activity Type Icon	Biểu tượng loại hoạt động	g10_production g10_shirt_production g10_stock
3	Are you sure you want to cancel this document?	Bạn có chắc chắn muốn hủy phiếu này không?	g10_hybrid_production g10_shirt_production g10_veston_production
3	Barcode	Mã vạch	g10_hybrid_production g10_shirt_production g10_veston_production
3	Bundle	Bọn	g10_hybrid_production g10_shirt_production g10_veston_production
3	Bundle Name	Số bọn	g10_hybrid_production g10_shirt_production g10_veston_production
3	Bundles	Số bọn	g10_hybrid_production g10_shirt_production g10_veston_production
3	Check Fail	Không đạt	g10_hybrid_production g10_shirt_production g10_veston_production
3	Check Pass	Đạt	g10_hybrid_production g10_shirt_production g10_veston_production
3	Code	Mã	g10_master g10_one_off_production g10_production
3	Companies	Công ty	g10_master g10_miti_synchronization g10_production
3	Component Categories	Nhóm thành phần	g10_master g10_one_off_production g10_veston_production
3	Confirmation Date	Ngày xác nhận	g10_hybrid_production g10_shirt_production g10_veston_production
3	Confirmed By	Người xác nhận	g10_hybrid_production g10_one_off_production g10_veston_production
3	Consumption Length	Chiều dài tiêu hao	g10_hybrid_production g10_shirt_production g10_veston_production
3	Conversion between Units of Measure can only occur if they belong to the same category. The conversion will be made based on the ratios.	Chuyển đổi giữa các Đơn vị tính chỉ thực hiện được khi cùng nhóm. Việc chuyển đổi sẽ dựa trên hệ số tỉ lệ.	g10_hybrid_production g10_shirt_production g10_veston_production
3	Cutting Details	Chi tiết cắt	g10_hybrid_production g10_shirt_production g10_veston_production
3	Cutting Request	Phiếu trải vải	g10_hybrid_production g10_shirt_production g10_veston_production
3	Cutting Request Lines	Chi tiết phiếu trải vải	g10_hybrid_production g10_shirt_production g10_veston_production
3	Cutting Table Allocation	Hạch toán bàn cắt	g10_hybrid_production g10_shirt_production g10_veston_production
3	Cutting Table Allocation Line	Chi tiết Hạch toán bàn cắt	g10_hybrid_production g10_shirt_production g10_veston_production
3	Cutting Table Allocation Lines	Chi tiết Hạch toán bàn cắt	g10_hybrid_production g10_shirt_production g10_veston_production
3	Cutting Table Documents	Phiếu ra bàn cắt	g10_hybrid_production g10_shirt_production g10_veston_production
3	Declare Sequence Number	Khai báo STT	g10_hybrid_production g10_master g10_veston_production
3	Defect Description (fail)	Mô tả lỗi (không đạt)	g10_hybrid_production g10_production g10_shirt_production
3	Defect Qty	Số lượng Lỗi	g10_hybrid_production g10_shirt_production g10_veston_production
3	Defect values is required!	Giá trị lỗi là bắt buộc!	g10_one_off_production g10_production g10_veston_production
3	Done Sewing Inspection Lines	Chi tiết kiểm hóa đã hoàn thành	g10_hybrid_production g10_one_off_production g10_veston_production
3	Fabric	Loại vải	g10_hybrid_production g10_master g10_veston_production
3	Fabric Composition	Thành phần vải	g10_master g10_stock g10_veston_production
3	Fabric Meter	Số mét vải	g10_hybrid_production g10_veston_production
3	Fabric Roll	Mã cuộn vải	g10_one_off_production g10_stock g10_veston_production
3	Fabrics	Loại vải	g10_hybrid_production g10_master g10_veston_production
3	Fail Qty	SL Lỗi	g10_hybrid_production g10_shirt_production g10_veston_production
3	Figure	Vóc	g10_hybrid_production g10_shirt_production g10_veston_production
3	Figures	Vóc	g10_hybrid_production g10_master g10_shirt_production
3	Final Factory Inspection	Kiểm Final Xí nghiệp	g10_production g10_shirt_production g10_veston_production
3	Final Inspection	Kiểm Final	g10_production g10_shirt_production g10_veston_production
3	Following Inspections	Kiểm hóa tiếp theo	g10_hybrid_production g10_one_off_production g10_veston_production
3	Font awesome icon e.g. fa-tasks	Font biểu tượng, ví dụ: fa-tasks	g10_production g10_shirt_production g10_stock
3	Garment Part	Chi tiết Áo/Quần	g10_hybrid_production g10_master g10_veston_production
3	ID	ID	g10_mattermost_integration g10_shirt_production report_py3o
3	Icon	Biểu tượng	g10_production g10_shirt_production g10_stock
3	Icon to indicate an exception activity.	Biểu tượng cho thấy một hoạt động ngoại lệ.	g10_production g10_shirt_production g10_stock
3	Image 128	Hình ảnh 128	g10_production g10_shirt_production g10_veston_production
3	Inspection	Kiểm hóa	g10_hybrid_production g10_shirt_production g10_veston_production
3	Inspection Date	Ngày kiểm	g10_hybrid_production g10_production g10_veston_production
3	Inspection Defects	Lỗi kiểm hóa	g10_hybrid_production g10_shirt_production g10_veston_production
3	Inspection For	Kiểm hóa cho	g10_hybrid_production g10_master g10_veston_production
3	Inspection Lines	Chi tiết kiểm hóa	g10_hybrid_production g10_shirt_production g10_veston_production
3	Is Error	Cuộn lỗi	g10_hybrid_production g10_shirt_production g10_veston_production
3	Is Manual Consumable Length	Là độ dài tiêu hao thủ công	g10_hybrid_production g10_shirt_production g10_veston_production
3	Is Manual Remaining Length	Là độ dài còn lại thủ công	g10_hybrid_production g10_shirt_production g10_veston_production
3	Is Sample	Chọn mẫu	g10_hybrid_production g10_shirt_production g10_veston_production
3	Latest Roll	Cuộn cuối cùng	g10_hybrid_production g10_shirt_production g10_veston_production
3	Length Ply	Chiều dài lá	g10_hybrid_production g10_shirt_production g10_veston_production
3	Load Data	Lấy dữ liệu	g10_hybrid_production g10_one_off_production g10_veston_production
3	Main Fabric	Vải chính	g10_hybrid_production g10_one_off_production g10_veston_production
3	Marker Frame Line	Chi tiết khung giác sơ đồ	g10_hybrid_production g10_veston_production
3	Marker Sample	Mẫu giác	g10_hybrid_production g10_veston_production
3	Material Colors	Màu NPL	g10_hybrid_production g10_production g10_veston_production
3	Mrp Allocation Line	Dòng phân bổ MRP	g10_hybrid_production g10_shirt_production g10_veston_production
3	My Activity Deadline	Thời hạn hoạt động của tôi	g10_production g10_shirt_production g10_stock
3	Need Inspection	Có kiểm hóa	g10_hybrid_production g10_master g10_veston_production
3	Next Activity Deadline	Thời hạn cho hoạt động tiếp theo	g10_production g10_shirt_production g10_stock
3	Next Activity Summary	Tóm tắt hoạt động tiếp theo	g10_production g10_shirt_production g10_stock
3	Next Activity Type	Loại hoạt động tiếp theo	g10_production g10_shirt_production g10_stock
3	"No fabric roll found with barcode ""%s"" in production floor stock."	"Không tìm thấy cuộn vải với mã barcode ""%s"" trong kho mặt sàn sản xuất."	g10_one_off_production g10_shirt_production g10_veston_production
3	Not pass quantity	SL không đạt	g10_hybrid_production g10_production g10_shirt_production
3	Parent Bundle	Bó vải cha	g10_hybrid_production g10_shirt_production g10_veston_production
3	Part Name	Tên chi tiết	g10_hybrid_production g10_master g10_veston_production
3	Ply Quantity	Số Lá	g10_hybrid_production g10_shirt_production g10_veston_production
3	Preceding Inspections	Kiểm hóa trước	g10_hybrid_production g10_one_off_production g10_veston_production
3	Product Count	Số lượng sản phẩm	g10_hybrid_production g10_veston_production
3	Product Segment	Chủng loại sản phẩm	g10_production g10_shirt_production g10_veston_production
3	Production Bundle	Số bọn	g10_hybrid_production g10_shirt_production g10_veston_production
3	Production Line Group	Nhóm chi tiết lệnh SX	g10_production g10_shirt_production g10_veston_production
3	Products	Sản phẩm	g10_hybrid_production g10_shirt_production g10_veston_production
3	Progress	Đang thực hiện	g10_production g10_shirt_production g10_veston_production
3	Quantity Lost	Hao hụt	g10_hybrid_production g10_stock g10_veston_production
3	Rechecks	Recheck	g10_one_off_production g10_production g10_veston_production
3	Reference	Mã	g10_hybrid_production g10_shirt_production g10_veston_production
3	Remaining Length	SL còn lại (m)	g10_hybrid_production g10_shirt_production g10_veston_production
3	Responsible User	Người chịu trách nhiệm	g10_production g10_shirt_production g10_stock
3	Result	Kết quả	g10_hybrid_production g10_production g10_shirt_production
3	Select Bundles to Add	Chọn Bọn	g10_hybrid_production g10_shirt_production g10_veston_production
3	Sewing Inspection Lines	Chi tiết kiểm hóa May	g10_hybrid_production g10_shirt_production g10_veston_production
3	Sewing Line Supply Lines	Chi tiết cấp chuyền May	g10_hybrid_production g10_shirt_production g10_veston_production
3	Sewing Supplies	Cấp chuyền may hỗn hợp	g10_hybrid_production g10_shirt_production g10_veston_production
3	Sewing Supply Details	Chi tiết cấp chuyền may hỗn hợp	g10_hybrid_production g10_shirt_production g10_veston_production
3	Shrinkage	Độ co	g10_hybrid_production g10_shirt_production g10_veston_production
3	Some bundles are not in draft state, cannot cancel the cutting table allocation!	Một số bó vải không ở trạng thái nháp, không thể hủy phiếu hạch toán bàn cắt!	g10_hybrid_production g10_shirt_production g10_veston_production
3	Some cutting inspections are not in draft state, cannot cancel the cutting table allocation!	Một số phiếu kiểm hóa cắt không ở trạng thái nháp, không thể hủy phiếu hạch toán bàn cắt!	g10_hybrid_production g10_shirt_production g10_veston_production
3	Stage Recheck	Recheck theo công đoạn	g10_mobile g10_production g10_veston_production
3	"Status based on activities
Overdue: Due date is already passed
Today: Activity date is today
Planned: Future activities."	"Trạng thái dựa trên hoạt động
Quá hạn: Hạn chót hạn đã qua
Hôm nay: Hôm nay là ngày phải thực hiện
Kế hoạch: Cần thực hiện trong tương lai."	g10_production g10_shirt_production g10_stock
3	Stock Request in/out	Phiếu yêu cầu nhập/xuất	g10_miti_synchronization g10_production g10_stock
3	Style Name	Tên Style	g10_hybrid_production g10_master g10_veston_production
3	Styles	Sản phẩm	g10_production g10_shirt_production g10_stock
3	Sub POs	Sub PO	g10_hybrid_production g10_production g10_veston_production
3	Supplied	Đã cấp chuyền May	g10_hybrid_production g10_shirt_production g10_veston_production
3	Supply Qty	Số lượng cấp	g10_one_off_production g10_shirt_production g10_veston_production
3	Table Allocation Lines	Chi tiết phiếu trải vải	g10_hybrid_production g10_shirt_production g10_veston_production
3	Table Details	Chi tiết bàn	g10_hybrid_production g10_shirt_production g10_veston_production
3	Technical Norms	Định mức KT	g10_hybrid_production g10_shirt_production g10_veston_production
3	The production defect and area must be unique per Recheck.	Mã lỗi và khu vực lỗi phải là duy nhất trên mỗi phiếu recheck.	g10_one_off_production g10_production g10_veston_production
3	Total	Tổng	g10_hybrid_production g10_shirt_production g10_veston_production
3	Total Consumable Length	Tổng tiêu hao	g10_hybrid_production g10_shirt_production g10_veston_production
3	Total Usage Length	Tổng tiêu hao	g10_hybrid_production g10_shirt_production g10_veston_production
3	Transfer	Lệnh chuyển hàng	g10_miti_synchronization g10_one_off_production g10_stock
3	Type of the exception activity on record.	Loại hoạt động ngoại lệ trong bản ghi.	g10_production g10_shirt_production g10_stock
3	Update Lines	Cập nhật chi tiết	g10_hybrid_production g10_shirt_production g10_veston_production
3	Waiting Approval	Chờ duyệt	g10_hybrid_production g10_one_off_production g10_production
3	You cannot check both pass and fail at the same time!	Bạn không thể đồng thời đánh dấu Đạt và Lỗi!	g10_hybrid_production g10_shirt_production g10_veston_production
3	You must approve all production documents before creating cutting table allocation!	Bạn phải duyệt tất cả phiếu sản xuất trước khi tạo phiếu hạch toán bàn cắt!	g10_hybrid_production g10_shirt_production g10_veston_production
2	"<span class=""o_stat_text"">Cutting Requests</span>"	"<span class=""o_stat_text"">Phiếu trải vải</span>"	g10_hybrid_production g10_veston_production
2	"<span class=""o_stat_text"">Cutting Table Allocation</span>"	"<span class=""o_stat_text"">Hạch toán bàn cắt</span>"	g10_shirt_production g10_veston_production
2	AQL Rule Line	Chi tiết AQL	g10_production g10_shirt_production
2	Accumulate Cutting Production Quality Pass Qty	Lũy kế đạt KCS	g10_hybrid_production g10_shirt_production
2	Accumulate Qty	Lũy kế	g10_hybrid_production g10_veston_production
2	Accumulate Quantity	SL lũy kế	g10_shirt_production g10_veston_production
2	Accumulated Exported Qty	Lũy kế xuất	g10_hybrid_production g10_veston_production
2	Accumulated Exported Supply Qty	Lũy kế xuất	g10_hybrid_production g10_veston_production
2	Accumulated Imported Supply Qty	Lũy kế nhập	g10_hybrid_production g10_veston_production
2	Accumulated Line	Chi tiết lũy kế	g10_hybrid_production g10_veston_production
2	Accumulated Qty	Số lượng lũy kế	g10_production g10_veston_production
2	Accumulated Supply Qty by Production	Luỹ kế cấp May theo LSX	g10_hybrid_production g10_veston_production
2	Accumulated qty by fabric	Lũy kế số lượng theo loại vải	g10_hybrid_production g10_veston_production
2	Agree	Đồng ý	g10_hybrid_production g10_veston_production
2	Allocation	Hạch toán bàn cắt	g10_hybrid_production g10_veston_production
2	Allocation By Sub PO	Hạch toán theo Sub PO	g10_hybrid_production g10_veston_production
2	Allocation Entire For	Hạch toán cả	g10_hybrid_production g10_veston_production
2	Allocation For	Hạch toán cho	g10_hybrid_production g10_veston_production
2	Allocation Frame Material	Chi tiết màu NPL/Bàn	g10_hybrid_production g10_veston_production
2	Allocation Ratio	Tỉ lệ hạch toán	g10_hybrid_production g10_veston_production
2	Allocation Table	HTBC	g10_shirt_production g10_veston_production
2	Allocation priorities	Thứ tự ưu tiên hạch toán	g10_hybrid_production g10_veston_production
2	Approve	Phê duyệt	g10_production g10_shirt_production
2	Approved	Đã duyệt	g10_master g10_production
2	Available Bundle	Bó vải có sẵn	g10_hybrid_production g10_veston_production
2	Available Bundles	Bọn có sẵn	g10_hybrid_production g10_veston_production
2	Available Sub Pre Order	Sub PO	g10_hybrid_production g10_veston_production
2	Available for Pressing Return to Cutting	Có thể trả lại tổ cắt từ ép	g10_hybrid_production g10_veston_production
2	Back to draft	Chuyển về Nháp	g10_production g10_veston_production
2	Body Detail Inspection	Kiểm thân chi tiết	g10_master g10_shirt_production
2	Bundle Details	Chi tiết Áo/Quần	g10_hybrid_production g10_veston_production
2	Bundle Numbers	STT	g10_hybrid_production g10_veston_production
2	Bundle Quantity	Số lượng bó vải	g10_hybrid_production g10_shirt_production
2	Bundle Veston Number	Số Áo/Quần	g10_hybrid_production g10_veston_production
2	Button Edit	Chỉnh sửa	g10_hybrid_production g10_veston_production
2	Cancel Date	Ngày hủy phiếu	g10_hybrid_production g10_veston_production
2	Color Code	Mã màu	g10_master g10_shirt_production
2	Combine	Gộp phiếu	g10_shirt_production g10_stock
2	Combined Cutting Requests	Phiếu trải vải đã gộp	g10_hybrid_production g10_shirt_production
2	Compute Start/End Qty	Tính toán Số bắt đầu/kết thúc	g10_hybrid_production g10_veston_production
2	Compute Start/End Qty with Gap	Tính toán số bắt đầu/kết thúc giảm lệnh	g10_hybrid_production g10_veston_production
2	Conclusion	Kết luận	g10_hybrid_production g10_veston_production
2	Config Settings	Cài đặt cấu hình	g10_miti_synchronization g10_mobile
2	Consumption Qty	Tiêu hao	g10_hybrid_production g10_veston_production
2	Consumption Ratio	Hệ số tiêu hao	g10_hybrid_production g10_veston_production
2	Contact	Liên hệ	g10_master g10_miti_synchronization
2	Cumulative Pass Qty	Số lượng đạt cộng dồn	g10_hybrid_production g10_veston_production
2	Customer Name	Tên Khách hàng	g10_master g10_one_off_production
2	Cutting Inspection Count	Số phiếu kiểm Cắt	g10_hybrid_production g10_veston_production
2	Cutting Inspection Post Pressing Detail Lines	Chi tiết phiếu kiểm hóa cắt sau ép	g10_hybrid_production g10_veston_production
2	Cutting Inspections	Kiểm hóa Cắt	g10_hybrid_production g10_veston_production
2	Cutting Production Quality Line	Chi tiết ghi nhận chất lượng KCS	g10_hybrid_production g10_shirt_production
2	Cutting Production Veston Count	Số phiếu trải vải Veston	g10_hybrid_production g10_veston_production
2	Cutting Productions Veston	Phiếu trải vải Veston	g10_hybrid_production g10_veston_production
2	Cutting Table	Bàn	g10_shirt_production g10_veston_production
2	Cutting Table Allocation Frame	Chi tiết theo KGSĐ	g10_hybrid_production g10_veston_production
2	Cutting Table Allocations	Hạch toán bàn cắt	g10_shirt_production g10_veston_production
2	Cutting Table Ticket	Phiếu hoạch toán bàn cắt	g10_hybrid_production g10_report
2	Cutting Tables	Bàn	g10_hybrid_production g10_veston_production
2	Cutting table allocation can only be confirmed from draft state!	Phiếu hạch toán bàn cắt chỉ được xác nhận khi đang ở trạng thái Nháp!	g10_shirt_production g10_veston_production
2	Daily Accumulate / Production Qty	Đạt trong ngày / SL sản xuất	g10_hybrid_production g10_veston_production
2	Daily Accumulate Pass Qty	Số lượng đạt trong ngày	g10_hybrid_production g10_veston_production
2	Default unit of measure used for all stock operations.	Đơn vị đo lường mặc định được sử dụng cho tất cả các hoạt động kho.	g10_stock g10_veston_production
2	Defect Note	Ghi chú lỗi	g10_hybrid_production g10_veston_production
2	Defect Ratio	Tỷ lệ lỗi	g10_hybrid_production g10_veston_production
2	Defect must be unique per Cutting inspection!	Lỗi bàn cắt phải là duy nhất trong một phiếu Kiểm hóa bàn cắt!	g10_shirt_production g10_veston_production
2	Demand Quantity	SL yêu cầu	g10_hybrid_production g10_veston_production
2	Description of the defect found during inspection	Mô tả của lỗi được tìm thấy trong quá trình kiểm hóa	g10_production g10_shirt_production
2	Detail	Chi tiết	g10_one_off_production g10_stock
2	Detail Adhesion Inspection	Kiểm chi tiết dính ép dựng	g10_master g10_shirt_production
2	Discard	Hủy	g10_hybrid_production g10_veston_production
2	Done Sewing Rechecks	Recheck đã sửa đạt	g10_hybrid_production g10_veston_production
2	Duplicating a Sewing supply is not allowed!	Không được nhân bản một phiếu Cấp chuyền may!	g10_shirt_production g10_veston_production
2	End number	Số kết thúc	g10_hybrid_production g10_veston_production
2	Exit	Thoát	g10_hybrid_production g10_production
2	Fabric Head	Đầu tấm	g10_hybrid_production g10_veston_production
2	Fabric Roll Length	Chiều dài cuộn	g10_hybrid_production g10_veston_production
2	Fabric Roll Qty	Số cuộn	g10_hybrid_production g10_veston_production
2	Fabric roll %s has no material product!	Cuộn vải %s chưa có sản phẩm NPL!	g10_one_off_production g10_veston_production
2	Fabric roll %s has no stock!	Cuộn vải %s không có tồn kho!	g10_one_off_production g10_veston_production
2	Figure/Size	Cỡ/Vóc	g10_hybrid_production g10_veston_production
2	Figure/Size Details	Phối kiện	g10_hybrid_production g10_veston_production
2	Figure/Size name	Tên Cỡ/Vóc	g10_master g10_veston_production
2	File Name	Tên tệp	g10_one_off_production g10_stock
2	Filtered Bundle	Bọn đã lọc	g10_hybrid_production g10_veston_production
2	Final Record	Nhập hoàn thiện Là	g10_production g10_veston_production
2	Finish Date	Ngày hoàn thành	g10_hybrid_production g10_veston_production
2	Finish User	Người hoàn thành	g10_hybrid_production g10_veston_production
2	Finished Product Stage	Kho thành phẩm	g10_one_off_production g10_veston_production
2	First Layer DL	Lá đầu DL	g10_hybrid_production g10_veston_production
2	First Layer DL Yin/Yang	Lá đầu DL Âm/Dương	g10_hybrid_production g10_veston_production
2	First Layer RW	Lá đầu RW	g10_hybrid_production g10_veston_production
2	First Layer RW Yin/Yang	Lá đầu RW Âm/Dương	g10_hybrid_production g10_veston_production
2	Fixed Qty	SL sửa đạt	g10_hybrid_production g10_veston_production
2	Frame Lines	Chi tiết theo KGSĐ	g10_hybrid_production g10_veston_production
2	Frame Materials	Chi tiết NPL theo Bàn	g10_hybrid_production g10_veston_production
2	Fully Selected Details	Đã cấp đủ Chi tiết	g10_hybrid_production g10_veston_production
2	General	Thông tin chung	g10_master g10_stock
2	General Information	Thông tin chung	g10_hybrid_production g10_shirt_production
2	Grain Line	Canh sợi	g10_hybrid_production g10_veston_production
2	Has Sewing Recheck	Có kiểm lại may	g10_hybrid_production g10_veston_production
2	History Line	Dòng lịch sử	g10_hybrid_production g10_veston_production
2	Hạch toán bàn Cắt	Hạch toán bàn cắt	g10_report g10_shirt_production
2	Import Lines	Dòng nhập	g10_one_off_production g10_veston_production
2	Indicates whether the total allocation qty for production line meets the total quantity in production lines.	Cho biết tổng số lượng đã hạch toán cho dòng sản xuất có đạt đủ tổng số lượng của các dòng sản xuất hay không.	g10_hybrid_production g10_veston_production
2	Info	Thông tin	g10_hybrid_production g10_shirt_production
2	Input Qty	Số lượng nhập	g10_production g10_veston_production
2	Inspected	Đã kiểm	g10_hybrid_production g10_production
2	Inspection Area	Khu vực kiểm hóa	g10_master g10_shirt_production
2	Inspection Done	Đã kiểm hóa	g10_shirt_production g10_veston_production
2	Inspection Flow	Luồng kiểm hóa	g10_hybrid_production g10_veston_production
2	Inspection User	Người kiểm hóa	g10_hybrid_production g10_veston_production
2	Inspection location	Vị trí kiểm hóa	g10_hybrid_production g10_veston_production
2	Inspection qty	SL kiểm hóa	g10_hybrid_production g10_veston_production
2	Invoice Product	Số Invoice	g10_miti_synchronization g10_stock
2	Is Combined	Đã gộp	g10_hybrid_production g10_shirt_production
2	Is Fulfilled	Hạch toán đủ	g10_hybrid_production g10_veston_production
2	Is Fully Supplied	Đã cấp đủ	g10_hybrid_production g10_veston_production
2	Is Merged Production	Là Lệnh Gộp	g10_hybrid_production g10_veston_production
2	Is sample	Hàng mẫu	g10_hybrid_production g10_veston_production
2	Kiểm hóa Là	Kiểm hóa Là	g10_mattermost_integration g10_shirt_production
2	Kiểm hóa May	Kiểm hóa May	g10_mattermost_integration g10_shirt_production
2	Last Layer DL	Lá cuối DL	g10_hybrid_production g10_veston_production
2	Last Layer DL Yin/Yang	Lá cuối DL Âm/Dương	g10_hybrid_production g10_veston_production
2	Last Layer RW	Lá cuối RW	g10_hybrid_production g10_veston_production
2	Last Layer RW Yin/Yang	Lá cuối RW Âm/Dương	g10_hybrid_production g10_veston_production
2	Latest Sequence Number	Số thứ tự cuối	g10_hybrid_production g10_veston_production
2	Latest Sequence Updated At	Cập nhật số thứ tự cuối nhất lúc	g10_hybrid_production g10_veston_production
2	Layer Qty	Số lá	g10_hybrid_production g10_veston_production
2	Length (m)	Dài (m)	g10_hybrid_production g10_veston_production
2	Length Sample	Mẫu chiều dài	g10_hybrid_production g10_shirt_production
2	Length of the fabric roll in meters	Độ dài cuộn vải theo mét	g10_hybrid_production g10_veston_production
2	Line Accumulated Exported Supply Qty	Tổng lũy kế xuất	g10_hybrid_production g10_veston_production
2	Line Accumulated Imported Supply Qty	Tổng lũy kế nhập	g10_hybrid_production g10_veston_production
2	Line Confirm Date	Ngày xác nhận dòng	g10_hybrid_production g10_veston_production
2	Line Confirmed By	Người xác nhận dòng	g10_hybrid_production g10_veston_production
2	Line Size with Equal Quantity	Chi tiết Cỡ/Vóc cùng số lượng	g10_hybrid_production g10_veston_production
2	Line State	Trạng thái dòng	g10_hybrid_production g10_veston_production
2	Line total qty	Tổng số lượng	g10_hybrid_production g10_veston_production
2	Lines By Color	Theo Màu	g10_hybrid_production g10_veston_production
2	Load data	Lấy dữ liệu	g10_hybrid_production g10_veston_production
2	MRP Pre Order	Đơn đặt hàng SX	g10_master g10_miti_synchronization
2	MRP Production Type	Loại hình SX	g10_one_off_production g10_production
2	Main Fabric Bundle	Bọn của Vải chính	g10_hybrid_production g10_veston_production
2	Main Fabric Colors	Màu Vải chính	g10_hybrid_production g10_veston_production
2	Main fabric colors in the marker frame lines.	Màu vải chính trong chi tiết KGSĐ.	g10_hybrid_production g10_veston_production
2	Marker Code	Mã khung giác sơ đồ	g10_hybrid_production g10_veston_production
2	Marker Frame	Khung giác sơ đồ	g10_hybrid_production g10_veston_production
2	Marker Frame Fabric	Loại vải	g10_hybrid_production g10_veston_production
2	Marker Frames	Khung giác sơ đồ	g10_hybrid_production g10_veston_production
2	Marker Qty	Số lượng giác	g10_hybrid_production g10_veston_production
2	Marker frame	Khung giác sơ đồ	g10_hybrid_production g10_veston_production
2	Master data	Dữ liệu cơ sở	g10_miti_synchronization g10_stock
2	Matched Sub Pre Order Key	Khóa Sub PO khớp	g10_hybrid_production g10_veston_production
2	Material Color Name	Màu NPL	g10_hybrid_production g10_veston_production
2	Material Color Palette	Bảng màu NPL	g10_hybrid_production g10_veston_production
2	Material Colors & Tables	Màu NPL & Bàn	g10_hybrid_production g10_veston_production
2	Material colors & Tables	Màu NPL & Bàn	g10_hybrid_production g10_veston_production
2	Maximum number of images cannot be greater than the number of lines.	Số lượng ảnh tối đa không được lớn hơn số dòng.	g10_one_off_production g10_production
2	Merged Productions	Các Lệnh Gộp	g10_hybrid_production g10_veston_production
2	Middle Layer DL	Lá giữa DL	g10_hybrid_production g10_veston_production
2	Middle Layer DL Yin/Yang	Lá giữa DL Âm/Dương	g10_hybrid_production g10_veston_production
2	Middle Layer RW	Lá giữa RW	g10_hybrid_production g10_veston_production
2	Middle Layer RW Yin/Yang	Lá giữa RW Âm/Dương	g10_hybrid_production g10_veston_production
2	No head piece rolls found for this production order.	Không tìm thấy cuộn đầu tấm cho lệnh sản xuất này.	g10_hybrid_production g10_shirt_production
2	Not Use	Không hạch toán	g10_hybrid_production g10_veston_production
2	Not pass	Không đạt	g10_hybrid_production g10_production
2	Notch	Đánh khía	g10_hybrid_production g10_veston_production
2	Number	STT	g10_hybrid_production g10_veston_production
2	Package %s has no quants.	Cuộn vải %s không có tồn kho.	g10_shirt_production g10_veston_production
2	Package Lines	Cuộn vải	g10_stock g10_veston_production
2	Pass quantity and Fail quantity must be non-negative!	Số lượng Đạt và số lượng Lỗi phải lớn hơn hoặc bằng 0!	g10_hybrid_production g10_shirt_production
2	Passing Ratio	Tỉ lệ đạt	g10_hybrid_production g10_shirt_production
2	Pattern Direction	Chiều hoa	g10_hybrid_production g10_veston_production
2	Pattern Matching	Đối kẻ	g10_hybrid_production g10_veston_production
2	Pattern Matching / Direction	Đối kẻ / Chiều hoa	g10_hybrid_production g10_veston_production
2	Picking Type	Cách lấy hàng	g10_miti_synchronization g10_stock
2	Please add at least one line to the cutting table allocation!	Vui lòng thêm ít nhất một dòng vào phiếu hạch toán bàn cắt!	g10_shirt_production g10_veston_production
2	Please configure the outgoing production picking type!	Vui lòng cấu hình loại phiếu xuất kho sản xuất!	g10_one_off_production g10_veston_production
2	Please set default picking type for outgoing usage production	Vui lòng cài đặt Kiểu hoạt động mặc định cho xuất kho sản xuất	g10_shirt_production g10_veston_production
2	Ply Qty	Số lá	g10_hybrid_production g10_veston_production
2	Pressing Inspection Lines	Chi tiết kiểm hóa Là	g10_shirt_production g10_veston_production
2	Pressing Inspections	Kiểm hóa Là	g10_shirt_production g10_veston_production
2	Pressing Production Final	Nhập hoàn thiện Là	g10_production g10_shirt_production
2	Pressing Production Final Lines	Chi tiết nhập hoàn thiện Là	g10_production g10_veston_production
2	Pressing Return Cutting Veston Lines	Chi tiết trả lại tổ cắt từ ép Veston	g10_hybrid_production g10_veston_production
2	Pressing Supply	Cấp chuyền là	g10_one_off_production g10_shirt_production
2	Pressing Supply Details	Chi tiết cấp chuyền là	g10_one_off_production g10_shirt_production
2	Pressing Supply Lines Veston	Chi tiết cấp ép Veston	g10_hybrid_production g10_veston_production
2	Preview	Xem trước	g10_report g10_stock
2	Priority	Thứ tự ưu tiên	g10_hybrid_production g10_veston_production
2	Product Materials	NPL	g10_hybrid_production g10_veston_production
2	Product Root Category	Nhóm sản phẩm gốc	g10_hybrid_production g10_veston_production
2	Production Accumulate Pass Qty	Lũy kế đạt theo lệnh	g10_production g10_veston_production
2	Production Bundles	Số Bọn	g10_shirt_production g10_veston_production
2	Production Cluster	Cụm sản xuất	g10_master g10_veston_production
2	Production Component	Thành phần của Lệnh SX	g10_master g10_miti_synchronization
2	Production Cutting Inspection	Kiểm hóa Cắt	g10_shirt_production g10_veston_production
2	Production Data	Danh mục sản xuất	g10_master g10_miti_synchronization
2	Production Defect must be unique per Cutting inspection!	Mã lỗi phải là duy nhất trong một phiếu kiểm hóa Cắt!	g10_shirt_production g10_veston_production
2	Production Line Detail	Chi tiết LSX	g10_hybrid_production g10_one_off_production
2	Production Line Qty	Số lượng chi tiết LSX	g10_hybrid_production g10_veston_production
2	Production Pre Order	Pre Order	g10_master g10_shirt_production
2	Production Qty By Sub PO	Số lượng sản xuất theo Sub PO	g10_hybrid_production g10_veston_production
2	Production Quality	KCS công đoạn	g10_production g10_shirt_production
2	Production Quality - Cutting Stage	KCS Cắt	g10_hybrid_production g10_shirt_production
2	Production Quality Lines	Chi tiết KCS công đoạn	g10_production g10_shirt_production
2	Production Stages	Công đoạn sản xuất	g10_master g10_production
2	Production Table	Bàn SX	g10_shirt_production g10_veston_production
2	QMS Production Cluster	Cụm sản xuất	g10_master g10_veston_production
2	QMS Production Line	Chuyền/Tổ sản xuất	g10_master g10_miti_synchronization
2	Quality Locked	Khóa chất lượng	g10_hybrid_production g10_veston_production
2	Quantity must be greater than 0!	Số lượng phải lớn hơn 0!	g10_shirt_production g10_veston_production
2	Readonly Allocation For	Hạch toán cho-chỉ đọc	g10_hybrid_production g10_veston_production
2	Reason	Lý do	g10_production g10_shirt_production
2	Recheck Production Clusters	Cụm sản xuất kiểm lại	g10_hybrid_production g10_veston_production
2	Rejected	Hủy duyệt	g10_master g10_production
2	Remaining	Còn lại	g10_one_off_production g10_veston_production
2	Report	Báo cáo	g10_report g10_stock
2	Request Detail	Chi tiết yêu cầu	g10_miti_synchronization g10_stock
2	Required Quantity	Số lượng yêu cầu	g10_hybrid_production g10_veston_production
2	Sample	Ánh màu	g10_hybrid_production g10_stock
2	Sequence Number	Số thứ tự	g10_hybrid_production g10_veston_production
2	Sequence Numbers	Số thứ tự	g10_hybrid_production g10_veston_production
2	Sequence number	Số thứ tự	g10_hybrid_production g10_veston_production
2	Sequence numbers	Số thứ tự	g10_hybrid_production g10_veston_production
2	Sewing Inspection	Kiểm hóa May	g10_shirt_production g10_veston_production
2	Sewing Inspection Line	Chi tiết kiểm hóa May	g10_shirt_production g10_veston_production
2	Sewing Inspection Numbers	Số Áo/Quần	g10_hybrid_production g10_veston_production
2	Sewing Inspections	Kiểm hóa May	g10_shirt_production g10_veston_production
2	Sewing Productivity	Báo cáo Sổ năng suất tổ may	g10_report g10_shirt_production
2	Sewing Quality Pass Qty	SL đạt KCS May	g10_hybrid_production g10_shirt_production
2	Sewing Recheck Vestons	Kiểm lại may Veston	g10_hybrid_production g10_veston_production
2	Sewing Rechecks	Recheck May	g10_shirt_production g10_veston_production
2	Sewing Return Veston Lines	Chi tiết trả may Veston	g10_hybrid_production g10_veston_production
2	Sewing Supplied	Đã cấp may	g10_one_off_production g10_shirt_production
2	Sewing Supply Return By Bundle Number Veston Lines	Chi tiết trả cấp may theo số bó Veston	g10_hybrid_production g10_veston_production
2	Sewing Supply Return Veston Lines	Chi tiết trả cấp may Veston	g10_hybrid_production g10_veston_production
2	Sewing supply lines	Chi tiết cấp May	g10_one_off_production g10_shirt_production
2	Size Priority	Thứ tự ưu tiên hạch toán	g10_hybrid_production g10_veston_production
2	Size/Figure	Cỡ/Vóc	g10_hybrid_production g10_veston_production
2	Smoothness	Độ trơn	g10_hybrid_production g10_veston_production
2	Spreading Type	Loại trải vải	g10_hybrid_production g10_veston_production
2	Stage Category	Nhóm công đoạn	g10_master g10_production
2	Stage Inspection Line	Chi tiết kiểm hóa công đoạn	g10_mobile g10_production
2	Stage inspection Line	Chi tiết kiểm hóa công đoạn	g10_production g10_veston_production
2	Start Number	Số bắt đầu	g10_hybrid_production g10_veston_production
2	Start number	Số bắt đầu	g10_hybrid_production g10_veston_production
2	State Index	Chỉ số trạng thái	g10_hybrid_production g10_shirt_production
2	Stock Picking	Phiếu điều chuyển	g10_stock g10_veston_production
2	Stretch Horizontal	Độ co ngang	g10_hybrid_production g10_stock
2	Stretch Vertical	Độ co dọc	g10_hybrid_production g10_stock
2	Sub Pre Order	Sub PO	g10_master g10_miti_synchronization
2	Sub Pre Order Key	Khóa Sub PO	g10_hybrid_production g10_veston_production
2	Submit	Gửi duyệt	g10_production g10_shirt_production
2	Supplement Fabric	Vải lót/Vải phụ	g10_hybrid_production g10_veston_production
2	Supply	Phiếu cấp	g10_one_off_production g10_veston_production
2	Supply Name	Mã phiếu	g10_shirt_production g10_veston_production
2	Sync Line Status	Trạng thái đồng bộ dữ liệu	g10_hybrid_production g10_veston_production
2	Table	Bàn	g10_hybrid_production g10_veston_production
2	Table Sequence	Trình tự	g10_hybrid_production g10_veston_production
2	Table Ticket	In phiếu	g10_hybrid_production g10_report
2	Tables	Bàn	g10_hybrid_production g10_veston_production
2	Template File	Tệp mẫu	g10_one_off_production g10_veston_production
2	The bundle must belong to the same production order!	Bọn phải thuộc về lệnh sản xuất tương ứng!	g10_hybrid_production g10_shirt_production
2	The input quantity must be greater than zero.	Số lượng nhập phải lớn hơn 0.	g10_production g10_veston_production
2	The quantity to be checked	Số lượng kiểm	g10_production g10_shirt_production
2	The selected bundle does not belong to the selected production order!	Bọn được chọn không thuộc về lệnh sản xuất được chọn!	g10_hybrid_production g10_veston_production
2	The sum of Pass quantity and Fail quantity must equal the total quantity!	Tổng SL Đạt và SL Lỗi phải bằng Tổng số lượng!	g10_hybrid_production g10_shirt_production
2	The sum of pass and fail quantities cannot exceed the inspection quantity.	Tổng số lượng đạt và lỗi không được vượt quá số lượng kiểm.	g10_one_off_production g10_production
2	The supply must be in draft state to export!	Phiếu cấp phải ở trạng thái nháp để xuất!	g10_one_off_production g10_veston_production
2	Thickness	Độ dày	g10_hybrid_production g10_veston_production
2	Total allocation qty	Tổng số lượng hạch toán	g10_hybrid_production g10_veston_production
2	Total pass quantity of the inspections subtracted to the total inspected kcs quantity	Tổng số lượng Đạt của các phiếu kiểm hóa trừ số lượng đã kiểm của các phiếu KCS	g10_production g10_shirt_production
2	Unit of Measure	DVT	g10_stock g10_veston_production
2	Use Head Pieces	Sử dụng đầu tấm	g10_hybrid_production g10_shirt_production
2	Use start number	Tùy chọn số bắt đầu	g10_hybrid_production g10_veston_production
2	Warehouse	Kho hàng	g10_miti_synchronization g10_stock
2	Width (m)	Khổ (m)	g10_hybrid_production g10_veston_production
2	Yin/Yang	Âm/Dương	g10_hybrid_production g10_veston_production
2	You are not allowed to change Pressing supply' state manually!	Bạn không được phép đổi trạng thái cấp Là thủ công!	g10_shirt_production g10_veston_production
2	You are not allowed to change the Stage Inspection state manually!	Không được phép thay đổi trực tiếp trạng thái phiếu Kiểm hóa!	g10_shirt_production g10_veston_production
2	You are not allowed to change the inspector of this record. Each Cutting Inspection can have only one inspector!	Không được phép thay đổi Người kiểm hóa của bản ghi này. Mỗi một phiếu kiểm hóa cắt chỉ được phép kiểm hóa bởi một người duy nhất!	g10_shirt_production g10_veston_production
2	You can only approve inspections in 'Waiting Approval' state.	Bạn chỉ có thể duyệt phiếu kiểm ở trạng thái 'Chờ duyệt'.	g10_one_off_production g10_production
2	You can only change the state to 'In Progress' when the inspection is in 'Draft' state.	Bạn chỉ có thể chuyển sang trạng thái 'Đang thực hiện' khi phiếu kiểm đang ở trạng thái 'Nháp'.	g10_one_off_production g10_production
2	You can only delete Cutting Production Quality Line in draft state!	Bạn chỉ có thể xóa chi tiết phiếu chất lượng cắt KCS ở trạng thái nháp!	g10_hybrid_production g10_shirt_production
2	You can only delete Cutting Production Quality in draft state!	Bạn chỉ có thể xóa phiếu chất lượng cắt KCS ở trạng thái nháp!	g10_hybrid_production g10_shirt_production
2	You can only delete a sewing inspection line that is in the draft state.	Chỉ được phép xóa chi tiết kiểm hóa May ở trạng thái Nháp.	g10_shirt_production g10_veston_production
2	You can only delete a sewing inspection that is in the draft state.	Chỉ được phép xóa phiếu kiểm hóa May ở trạng thái Nháp.	g10_shirt_production g10_veston_production
2	You can only delete a sewing supply that is in the draft state.	Bạn chỉ có thể xóa phiếu Cấp chuyền May ở trạng thái nháp.	g10_shirt_production g10_veston_production
2	You can only delete pressing production final lines in draft state!	Chỉ được phép xóa chi tiết phiếu Nhập hoàn thiện Là ở trạng thái Nháp!	g10_production g10_veston_production
2	You can only edit records in Draft status!	Chỉ có thể sửa phiếu ở trạng thái Nháp!	g10_one_off_production g10_veston_production
2	You can only mark the inspection as 'Done' when it is in 'In Progress' state.	Bạn chỉ có thể đánh dấu phiếu kiểm là 'Hoàn thành' khi phiếu đang ở trạng thái 'Đang thực hiện'.	g10_one_off_production g10_production
2	You can only reject inspections in 'Waiting Approval' state.	Bạn chỉ có thể từ chối phiếu kiểm ở trạng thái 'Chờ duyệt'.	g10_one_off_production g10_production
2	You can't create cutting table allocation without marker frames!	Không thể tạo phiếu hạch toán bàn cắt khi chưa có khung giác sơ đồ!Bạn không thể tạo hạch toán trải bàn cắt mà không có khung giác sơ đồ!	g10_hybrid_production g10_veston_production
2	You cannot change the status manually!	Không thể thay đổi trạng thái thủ công!	g10_one_off_production g10_veston_production
2	Your timestamp is invalid: %s	Mốc thời gian của bạn không hợp lệ: %s	g10_one_off_production g10_production
2	Zero Qty	Trống số lượng	g10_hybrid_production g10_veston_production
1	 in Production Orders %s	 trong lệnh SX %s	g10_veston_production
1	"%s: 
+ Color '%s'."	"%s: 
+ Màu '%s'."	g10_shirt_production
1	%s: Missing required values: %s.	%s: Thiếu dữ liệu bắt buộc: %s.	g10_one_off_production
1	%s: Operation Code is required.	%s: Mã công đoạn là bắt buộc.	g10_one_off_production
1	%s: Product %s does not exist in one-off products.	%s: Sản phẩm %s không tồn tại trong danh mục sản phẩm đơn chiếc.	g10_one_off_production
1	%s: Unsupported gender value %s.	%s: Giá trị giới tính không được hỗ trợ %s.	g10_one_off_production
1	'%s' was existed. QR Code must be unique!	'%s' đã tồn tại. Mã QR phải là duy nhất!	g10_stock
1	+ If selected, the suppliable quantity is the total passed quantity of sewing production quality.+ If not selected, the suppliable quantity is the total imported quantity of pressing supply return.	+ Nếu chọn, số lượng có thể cấp Là = tổng số lượng kiểm đạt KCS May theo lệnh SX.+ Nếu không chọn, số lượng có thể cấp Là = tổng số lượng đã Nhập của phiếu cấp trả Là theo lệnh SX.	g10_shirt_production
1	"+ Inspection Done: The bundle is done after the related Cutting Inspection was completed.
+ Quality Confirmed: The bundle is quality confirmed after the related Cutting Inspection was completed.
+ Supplied: The bundle is supplied after the related sewing supply documents are confirmed."	"+ Đã kiểm hóa: Bó vải hoàn thành sau khi phiếu kiểm hóa cắt liên quan được hoàn tất.
+ Đã xác nhận KCS: Bó vải đã đạt kiểm tra chất lượng KCS cắt.
+ Đã cấp: Bó vải đã cấp sau khi các phiếu cấp chuyền may được xác nhận."	g10_hybrid_production
1	"+ Inspection Done: The bundle is done after the related Cutting Inspection was completed.
+ Supplied: The bundle is supplied after the related sewing supply documents are confirmed."	"+ Đã kiểm hóa: Bọn được xác nhận sau khi phiếu Kiểm hóa cắt  được hoàn thành.
+ Đã cấp chuyền may: Bọn được xác nhận cấp chuyền may sau khi phiếu Cấp chuyền may được xác nhận."	g10_veston_production
1	"+ Returned: The bundle is returned after confirm the sewing supply return.
+ Inspection Done: The bundle is done after the Detail Adhesion Cutting Inspection completed.
+ Inspection Return Done: The bundle is done after Two return inspections completed.
+ Confirm: The bundle is confirmed after the related cutting production quality confirmed.
+ Supplied: The bundle is supplied after the related sewing supply documents are confirmed."	"+ Đã kiểm hóa: Bọn được xác nhận sau khi phiếu Kiểm hóa cắt chi tiết ép dựng được hoàn thành.
+ Xác nhận: Bọn được xác nhận sau khi các phiếu Ghi nhận chất lượng công đoạn Cắt KCS được xác nhận.
+ Đã cấp chuyền may: Bọn được xác nhận cấp chuyền may sau khi phiếu Cấp chuyền may được xác nhận."	g10_shirt_production
1	"+ Sewing: Indicates whether any sewing supply veston of this cluster will generate sewing inspections veston.
+ Pressing: Indicates whether any pressing supply veston of this cluster will generate pressing inspections veston."	Chỉ định phiếu cấp May Veston cho Cụm SX này có sinh ra phiếu kiểm hóa May hay không.	g10_master
1	"<span class=""fw_bold"">Total:  </span>"	"<span class=""fw_bold"">Tổng:  </span>"	g10_veston_production
1	"<span class=""o_stat_text"">
                                    Reference Documents
                                </span>"	"<span class=""o_stat_text"">
                                    Tài liệu sở cứ
                                </span>"	g10_production
1	"<span class=""o_stat_text"">Stage Productions</span>"	Phiếu trải vải	g10_shirt_production
1	"<span invisible=""missing_qty != 0"">Do you want to update this inspection document to 'Done' state?</span>"	"<span invisible=""missing_qty != 0"">Bạn có chắc chắn muốn chuyển trạng thái của phiếu kiểm hóa sang 'Hoàn thành'?</span>"	g10_production
1	<span>Sync Data</span>	<span>Đồng bộ</span>	g10_miti_synchronization
1	A body-change record already exists for this combination of production, table, component category and fabric!	Đã tồn tại phiếu thay thân cho tổ hợp lệnh sản xuất, bàn cắt, phân loại thành phần và loại vải này!	g10_veston_production
1	A pressing inspection Veston for the same production order and production cluster already exists!	Một phiếu kiểm hóa Là Veston cho lệnh SX và cumj SX này đã tồn tại!	g10_veston_production
1	A production type with the same code and name already exists.	Đã tồn tại một loại hình sản xuất có cùng mã và tên.	g10_production
1	API Token	API Token	g10_mattermost_integration
1	AQL Rule Lines	Chi tiết quy tắc AQL	g10_production
1	AQL Rules	Quy tắc AQL	g10_production
1	AQL name must be unique!	Tên AQL phải là duy nhất!	g10_production
1	Acceptable Defect Quantity	Số lỗi chấp nhận	g10_production
1	Access Groups	Nhóm truy cập	g10_access_management
1	Access Token	Access Token	g10_mattermost_integration
1	Accumulate Pressing Inspection Pass Qty	Lũy kế đạt theo lệnh SX	g10_shirt_production
1	Accumulate Pressing Supply Qty	Số lượng lũy kế cấp Là	g10_shirt_production
1	Accumulate Pressing Supply for Returned Qty	Số lượng lũy kế cấp Là	g10_shirt_production
1	Accumulate Sewing Inspection Pass Qty	Lũy kế Đạt theo Lệnh SX	g10_shirt_production
1	Accumulate Sewing Inspection Return Pass Qty	Tổng số lượng kiểm trả đạt May	g10_shirt_production
1	Accumulate Sewing Productivity Qty	Lũy kế sản lượng May	g10_shirt_production
1	Accumulate Size Qty	Lũy kế cỡ	g10_shirt_production
1	Accumulate exported sewing supply qty	SL lũy kế Xuất May	g10_shirt_production
1	Accumulate imported sewing supply qty	SL lũy kế Nhập May	g10_shirt_production
1	Accumulate qty of production line in lines cannot exceed the total qty of original production line!	Số lượng tích lũy theo dòng lệnh SX không được vượt quá tổng số lượng trên dòng lệnh SX gốc!	g10_shirt_production
1	Accumulated	Lũy kế	g10_veston_production
1	Accumulated Imported Lines	Dòng nhập lũy kế	g10_one_off_production
1	Accumulated Imported Quantity	Lũy kế nhập	g10_veston_production
1	Accumulated Lines	Lũy kế	g10_veston_production
1	Accumulated Pressing Production Final Qty	Lũy kế nhập hoàn thiện Là	g10_production
1	Accumulated Pressing Production Final Veston Qty	Số lượng lũy kế nhập chuyền Là Veston	g10_veston_production
1	Accumulated Supply Qty	Lũy kế cấp	g10_veston_production
1	Accumulated Supply Qty by PO	Lũy kế cấp theo Lệnh SX	g10_shirt_production
1	Acknowledge	Ghi nhận	g10_shirt_production
1	Acknowledge by	Người ghi nhận	g10_shirt_production
1	Acknowledge date	Ngày ghi nhận	g10_shirt_production
1	Action Error Detail	Báo cáo chi tiết lỗi	g10_report
1	Action In Out Goods Record	Sổ theo dõi giao nhận hàng	g10_report
1	Action Ironing Productivity Record	Sổ theo dõi năng suất tổ Là	g10_report
1	Action Productivity	Phiếu báo năng suất CN-BP	g10_report
1	Action Sewing Productivity	Báo cáo Sổ năng suất tổ may	g10_report
1	Actual Size	Khổ thực tế	g10_stock
1	Actual Width	Khổ thực tế	g10_stock
1	Actual Width Unit of Measure	Đơn vị Khổ thực tế	g10_stock
1	Actual Worker Qty	SL nhân công thực tế	g10_shirt_production
1	Actual production Qty	SL sản xuất thực tế	g10_shirt_production
1	Actual production Qty must be less than or equal to Supply Qty!	SL sản xuất thực tế không được vượt quá SL cấp chuyền!	g10_shirt_production
1	Aisle	Dãy	g10_stock
1	Aisles	Dãy	g10_stock
1	All Product Categories	Danh mục sản phẩm	g10_master
1	All bundles in the return lines must belong to the same production order.	Tất cả các Bọn trong các chi tiết phiếu phải thuộc về cùng một Lệnh SX.	g10_shirt_production
1	All bundles must be in 'Supplied' state to imported the return.	Các Bọn phải ở trạng thái 'Đã cấp' trước khi nhập trả.	g10_shirt_production
1	All categories of selected bundle details must match the supply category!	Nhóm Áo/Quần  trong thông tin Chi tiết và trong phiếu cấp May phải giống nhau!	g10_veston_production
1	All details must be in 'Pass' state to mark this inspection as done.	Tất cả chi tiết phải ở trạng thái 'Đạt' để đánh dấu phiếu kiểm này là hoàn thành.	g10_one_off_production
1	All lines must be pass to set the stage recheck to done state.	Tất cả các dòng phải ở trạng thái Đạt mới có thể chuyển trạng thái phiếu Recheck sang Hoàn thành.	g10_production
1	All numbers must be in 'Pass' state to mark this inspection as done.	Tất cả các STT phải được đánh 'Đạt' trước khi chuyển phiếu kiểm hóa sang Hoàn thành.	g10_veston_production
1	All production lines must belong to the sewing stage category.	Tất cả chuyền sản xuất phải thuộc nhóm công đoạn may.	g10_one_off_production
1	All production orders in the lines must correspond to the same pre-order specified in the header.	Tất cả Lệnh SX trong dòng chi tiết phải thuộc về Đơn đặt hàng tương ứng của phiếu kiểm final.	g10_production
1	All selected details must belong to the chosen operation line!	Tất cả chi tiết được chọn phải thuộc mã công đoạn đã chọn!	g10_one_off_production
1	All selected details must still be in draft state.	Tất cả chi tiết được chọn vẫn phải ở trạng thái nháp.	g10_one_off_production
1	All selected details must still be in pressing inspected state.	Tất cả chi tiết được chọn vẫn phải ở trạng thái đã kiểm là.	g10_one_off_production
1	All selected details must still be in sewing inspected state.	Tất cả chi tiết được chọn vẫn phải ở trạng thái đã kiểm may.	g10_one_off_production
1	All veston cutting table allocations that require inspection for the same production order must have the same allocation by sub-PO value.	Tất cả các phiếu HTBC cho lệnh SX này phải có cùng giá trị Hạch toán theo sub PO.	g10_veston_production
1	Allocation Qty	Số lượng hạch toán	g10_shirt_production
1	Allocation Veston Frame Lines	Chi tiết theo KGSĐ	g10_veston_production
1	Allocations	Hạch toán bàn cắt	g10_veston_production
1	Allowed Production Types	Loại hình SX	g10_production
1	An inspection type with the same code already exists.	Đã tồn tại một loại hình sản xuất có cùng mã và tên.	g10_production
1	Apply to all Styles	Áp dụng cho tất cả Styles	g10_master
1	Archived	Đã lưu trữ	g10_master
1	Are you sure delete all package?	Bạn có chắc chắn muốn xóa tất cả các kiện hàng không?	g10_stock
1	Are you sure you want to cancel this split? The package will be deleted and its quantity returned to the parent.	Bạn có chắc chắn muốn hủy bỏ việc chia tách này không? Kiện hàng sẽ bị xóa và số lượng của nó sẽ được trả lại cho kiện hàng chính.	g10_stock
1	Are you sure you want to confirm this body-change record?	Bạn có chắc chắn muốn xác nhận phiếu thay thân này không?	g10_veston_production
1	Are you sure you want to confirm this fabric spreading?	Bạn có chắc chắn muốn xác nhận phiếu trải vải này?	g10_one_off_production
1	Arrival Date	Ngày về hàng	g10_stock
1	Attachment	Tệp đính kèm	g10_production
1	Attachment file	Đính kèm	g10_shirt_production
1	Attachment file name	Tên đính kèm	g10_shirt_production
1	Auth Type	Kiểu xác thực	g10_mattermost_integration
1	Available Bundle Number	STT có sẵn	g10_veston_production
1	Available Color	Màu khả dụng	g10_shirt_production
1	Available Detail	Chi tiết khả dụng	g10_one_off_production
1	Available Details	Chi tiết khả dụng	g10_one_off_production
1	Available Product	Sản phẩm hợp lệ	g10_veston_production
1	Available Production	Lệnh SX hợp lệ	g10_veston_production
1	Available Production Line Detail	Chi tiết lệnh sản xuất khả dụng	g10_one_off_production
1	Available Quantity	Số lượng còn lại	g10_hybrid_production
1	Available bundle numbers	STT có sẵn	g10_veston_production
1	Back Image Sample	Ảnh mẫu - Mặt sau	g10_master
1	Barcode Scanned	Quét mã	g10_stock
1	Basically, A production order can have only one pressing inspection.	Về cơ bản, một lệnh SX chỉ có duy nhất một phiếu Hạch toán Là.	g10_shirt_production
1	Bill NUmber	Số hóa đơn	g10_stock
1	Body Change	Phiếu thay thân	g10_veston_production
1	Body Change Veston	Ghi nhận thay thân đổi màu Veston	g10_veston_production
1	Body Change Veston Num	Số phiếu thay thân Veston	g10_veston_production
1	Breakdown qty	Số phối kiện	g10_veston_production
1	"Bundle ""%s"" has already passed in a confirmed inspection. Each bundle can only pass once."	"Bọn ""%s"" đã đạt trong phiếu kiểm tra đã xác nhận. Mỗi bọn chỉ được đạt một lần."	g10_veston_production
1	Bundle End Qty	Bọn KT	g10_shirt_production
1	Bundle Head Qty	Bọn đầu	g10_shirt_production
1	Bundle Number Ids Domain	Miền STT bọn	g10_veston_production
1	Bundle Qty	Số sản phẩm	g10_shirt_production
1	Bundle To Supply	Bọn để cấp chuyền	g10_shirt_production
1	Bundle Veston	Bọn vải	g10_veston_production
1	Bundle details are required for all selected bundles!	Trường Chi tiết Áo/Quần là bắt buộc nhập cho các Bọn đã chọn!	g10_veston_production
1	Bundle must be unique per sewing supply!	Bọn phải là duy nhất trong mỗi phiếu cấp May!	g10_veston_production
1	Bundle name must be unique per production order!	Số Bọn phải là duy nhất trong một lệnh Sản xuất!	g10_shirt_production
1	Bundle name with each allocation type must be unique per production order!	Số Bọn phải là duy nhất trong một lệnh Sản xuất!	g10_veston_production
1	Bundle names on this line are not numeric; cannot renumber them.	Số bọn trên dòng này không phải dạng số; không thể đánh số lại.	g10_shirt_production
1	Bundle numbers	STT	g10_veston_production
1	Bundle quantity cannot be changed after confirmation (%(line)s bundles expected, %(actual)s exist).	Số lượng sổ không thể thay đổi sau khi xác nhận (dự kiến %(line)s sổ, thực tế %(actual)s sổ).	g10_shirt_production
1	Bundle quantity must be greater than zero!	Số lượng Bọn phải lớn hơn 0!	g10_shirt_production
1	Bundle quantity range is overlapped between each table!	Số lượng bọn bị chồng lấn giữa các bàn!	g10_shirt_production
1	Bundle start quantity must be greater than zero!	Số bọn bắt đầu phải lớn hơn 0!	g10_shirt_production
1	By Figure	Theo hệ	g10_veston_production
1	Bypass Reservation	Bỏ qua giữ trước số lượng	g10_stock
1	Bọn Vải	Số bọn	g10_shirt_production
1	Bọn Vải Veston	Số bọn	g10_veston_production
1	Calculate Length	Phiếu đo khổ vải	g10_stock
1	Can only export in Draft state!	Chỉ có thể xuất khi phiếu ở trạng thái Nháp!	g10_veston_production
1	Can only import exported records!	Chỉ có thể nhập các bản ghi ở trạng thái Đã xuất!	g10_veston_production
1	Cancel Hybrid	Hủy	g10_hybrid_production
1	Cancel Split	Huỷ tách cuộn	g10_stock
1	Cancel Split In: %s	Huỷ tách cuộn In: %s	g10_stock
1	Cancel Split Out: %s	Huỷ tách cuộn Out: %s	g10_stock
1	Cancel Wizard	Lý do từ chối	g10_production
1	Canceled	Hủy	g10_production
1	Cannot combine confirmed cutting requests. Please select only draft cutting requests.	Không thể gộp các phiếu trải vải đã xác nhận. Vui lòng chỉ chọn các phiếu trải vải ở trạng thái nháp.	g10_shirt_production
1	Cannot combine cutting requests with no production orders assigned.	Không thể gộp các phiếu trải vải không có lệnh sản xuất nào.	g10_shirt_production
1	Cannot complete recheck with failed recheck lines.	Không thể hoàn thành recheck khi còn dòng kiểm lỗi.	g10_one_off_production
1	Cannot connect to SQL server, please recheck the SQL server configuration: %s!	Không thể kết nối đến SQL server, hãy kiểm tra cấu hình SQL server: %s!	g10_miti_synchronization
1	Cannot create a recheck for detail %s because it was already inspected in following inspections.	Không thể tạo recheck cho chi tiết %s vì chi tiết này đã được kiểm ở các phiếu kiểm sau.	g10_one_off_production
1	Cannot create a recheck for number %s because it was already inspected in the following inspections.	Không thể tạo phiếu Recheck cho STT %s vì STT này đã được kiểm hóa ở các Cụm SX sau.	g10_veston_production
1	Cannot create a sample main fabric cutting table allocation when a non-sample main fabric allocation already exists for this production order!	Không thể tạo một phiếu HTBC veston hàng mẫu mới khi đã tồn tại một phiếu HTBC vải chính!	g10_veston_production
1	Cannot export when there are no lines!	Không thể xuất khi không có dòng chi tiết nào!	g10_veston_production
1	Cannot generate Fabric Roll name: arrival date (or invoice date) and storage location are required.	Không thể tạo tên Cuộn vải: cần có ngày nhập kho (hoặc ngày hóa đơn) và vị trí lưu kho.	g10_stock
1	Car Name/Container	Số xe/container	g10_veston_production
1	Categories	Nhóm	g10_veston_production
1	Category Name	Tên	g10_master
1	Category type	Loại nhóm	g10_master
1	Channel	Kênh	g10_mattermost_integration
1	Check All	Kiểm toàn bộ	g10_stock
1	Check Fail can only be set when not both Pressing Quality and Ironing Quality are passed!	Chỉ được đánh dấu Lỗi khi chưa tích chọn cả Chất lượng ép và Chất lượng là!	g10_veston_production
1	Check Partial	Kiểm phần trăm	g10_stock
1	Chi tiết phiếu trải vải	Chi tiết phiếu trải vải	g10_shirt_production
1	Chi tiết Lệnh SX	Chi tiết Lệnh SX	g10_shirt_production
1	Chi tiết phiếu nhập kho thành phẩm	Chi tiết nhập kho thành phẩm	g10_veston_production
1	Chi tiết trả hàng Là Veston	Chi tiết trả hàng Là	g10_veston_production
1	Chi tiết Đề nghị Cấp/Đổi/Vay NPL	Chi tiết Đề nghị Cấp/Đổi/Vay NPL	g10_shirt_production
1	Child Bundles	Bọn con	g10_shirt_production
1	Child Package Count	Cuộn vải con	g10_stock
1	Child Packages	Cuộn vải con	g10_stock
1	Child packages	Cuộn vải con	g10_stock
1	Chuyển hàng hủy	Chuyển hàng hủy	g10_shirt_production
1	Chất lượng Cắt - KCS	Ghi nhận chất lượng công đoạn cắt - KCS	g10_shirt_production
1	Chọn Sub PO từ hoạch toán bàn cắt	Chọn Sub PO từ hạch toán bàn cắt	g10_veston_production
1	Classification	Phân loại	g10_stock
1	Cluster Name	Cụm sản xuất	g10_master
1	Cluster in RPL	Cụm sản xuất	g10_report
1	Cluster name must be unique per Production Line!	Tên Cụm sản xuất phải là duy nhất trong một Chuyền/Tổ sản xuất!	g10_master
1	Clusters	Cụm sản xuất	g10_master
1	Code NPL	Mã NPL	g10_stock
1	Color Codes	Mã màu	g10_master
1	Color Separation Details	Chi tiết tách màu	g10_one_off_production
1	Color Separation Lines	Dòng tách màu	g10_one_off_production
1	Combination of production order and res production cluster must be unique!	Tổ hợp lệnh sản xuất và cụm SX phải là duy nhất!	g10_one_off_production
1	Combination of production order and res production line must be unique!	Tổ hợp Lệnh SX và Chuyền/Tổ SX phải là duy nhất!	g10_shirt_production
1	Combination of production order, res production cluster and component category must be unique!	Tổ hợp Lệnh SX, Cụm SX và Nhóm thành phần phải là duy nhất!	g10_veston_production
1	Combined Cutting Request	Gộp phiếu trải vải	g10_shirt_production
1	Combined Cutting Request - %s/%s	Gộp phiếu trải vải - %s/%s	g10_shirt_production
1	Company Supplier	Nhà cung cấp	g10_stock
1	Comple	Áo	g10_veston_production
1	Comple Gile	Áo Gile	g10_veston_production
1	Complete Name	Tên Đầy đủ	g10_master
1	Component Category Code	Mã Nhóm thành phần	g10_master
1	Component Category Code and Name must be unique!	Mã nhóm thành phần và Tên phải là duy nhất!	g10_master
1	Component Category Name	Tên Nhóm thành phần	g10_master
1	Component Category Names	Tên thành phần	g10_one_off_production
1	Component Code	Mã thành phần	g10_master
1	Component Details	Thành phần chi tiết	g10_one_off_production
1	Component Name	Tên thành phần	g10_master
1	Component quantity must be greater than 0!	Số lượng thành phần phải lớn hơn 0!	g10_one_off_production
1	Confirmation	Xác nhận	g10_production
1	Confirmed Date	Ngày xác nhận	g10_one_off_production
1	"Conflict in Sub PO selection for Group '%s':
The following Sub POs are already assigned to a different set in previous imports: [%s].
You must either:
1. Choose the exact same set of Sub POs as before.
2. Choose a completely new set of Sub POs that hasn't been used for this group."	"Xung đột lựa chọn Sub PO cho Nhóm '%s':
Các Sub PO sau đây đã được gán cho một tập hợp khác trong các lần nhập trước: [%s].
Bạn phải thực hiện một trong hai:
1. Chọn đúng tập hợp Sub PO giống như lần trước.
2. Chọn một tập hợp Sub PO hoàn toàn mới chưa được sử dụng cho nhóm này."	g10_veston_production
1	Consumed	Tiêu hao	g10_one_off_production
1	Country State	Trạng thái	g10_master
1	Create	Tạo phiếu	g10_stock
1	Create Cutting Table Allocation	Tạo phiếu Hạch toán bàn Cắt	g10_production
1	Create Date	Ngày tạo	g10_stock
1	Create Delivery Order	Tạo phiếu Xuất kho	g10_shirt_production
1	Create Delivery request	Tạo phiếu xuất kho	g10_stock
1	Create Request Delivery	Tạo phiếu yêu cầu xuất	g10_stock
1	Create Request Stock	Tạo phiếu yêu cầu xuất kho	g10_stock
1	Create a hybrid Production Cutting Request	Tạo phiếu trải vải sản xuất hỗn hợp	g10_hybrid_production
1	Create a new NPL Issue / Exchange / Borrow Request	Tạo mới Phiếu Yêu cầu xuất/đổi/mượn NPL	g10_shirt_production
1	Create a new Production Cutting Request	Tạo mới Phiếu Trải vải sản xuất	g10_shirt_production
1	Create delivery to stock request	Tạo phiếu yêu cầu	g10_stock
1	Create receipt request	Tạo phiếu nhập kho	g10_stock
1	Create your first fabric roll package.	Tạo cuộn vải đầu tiên.	g10_stock
1	Created By	Người tạo	g10_production
1	Created By Production Line	Chuyền/Tổ Tạo	g10_veston_production
1	Created Date	Ngày tạo	g10_hybrid_production
1	Creation Date	Ngày tạo	g10_veston_production
1	Cumulative Export	Xuất lũy kế	g10_one_off_production
1	Cumulative Export Quantity	Số lượng xuất lũy kế	g10_one_off_production
1	Cumulative Import	Nhập lũy kế	g10_one_off_production
1	Cumulative Import Quantity	Số lượng nhập lũy kế	g10_one_off_production
1	Customer Code	Mã Khách hàng	g10_master
1	Customer Custody	Hàng giữ hộ khách hàng	g10_stock
1	Customer Group	Nhóm Khách hàng	g10_master
1	Customer/Third party review	KH/Bên thứ 3 kiểm	g10_production
1	Customers	Khách hàng	g10_master
1	Cut Supplement	Cắt bổ sung	g10_one_off_production
1	Cut Swap Quantity	Số lượng cắt thay	g10_veston_production
1	Cut Swap Quantity cannot exceed the roll length for package %s!	Số lượng cắt thay không được vượt quá chiều dài cuộn của cuộn %s!	g10_veston_production
1	Cut Swap Quantity cannot exceed the roll length!	Số lượng cắt thay không được vượt quá chiều dài cuộn!	g10_veston_production
1	Cut Swap Quantity must be greater than 0 for package %s!	Số lượng cắt thay phải lớn hơn 0 cho cuộn %s!	g10_veston_production
1	Cut Swap Quantity must not be negative!	Số lượng cắt thay không được âm!	g10_veston_production
1	Cutting BTP Inspection Hybrid	Kiểm tra BTP cắt Hỗn hợp	g10_hybrid_production
1	Cutting BTP Inspection Veston	Kiểm tra BTP cắt Veston	g10_veston_production
1	Cutting Defect Name	Tên lỗi	g10_master
1	Cutting Defects	Lỗi bàn Cắt	g10_master
1	Cutting Inspection Defect	Chi tiết lỗi kiểm hóa Cắt	g10_shirt_production
1	Cutting Inspection Defect Return	Lỗi kiểm hóa Cắt	g10_shirt_production
1	Cutting Inspection Hybrid	Danh sách kiểm cắt	g10_hybrid_production
1	Cutting Inspection Line	Chi tiết kiểm hóa	g10_shirt_production
1	Cutting Inspection Line Return	Chi tiết kiểm trả Cắt	g10_shirt_production
1	Cutting Inspection Lines Return	Chi tiết kiểm trả Cắt	g10_shirt_production
1	Cutting Inspection Post Pressing	Kiểm ép sau Cắt	g10_veston_production
1	Cutting Inspection Post Pressing Detail	Kiểm ép sau cắt chi tiết	g10_veston_production
1	Cutting Inspection Post Pressing Detail Line	Dòng chi tiết kiểm ép sau cắt	g10_veston_production
1	Cutting Inspection Post Pressing Lines	Chi tiết kiểm ép	g10_veston_production
1	Cutting Inspection Return	Kiểm hóa Cắt	g10_shirt_production
1	Cutting Inspection Vestons	Kiếm hóa Cắt Veston	g10_veston_production
1	Cutting Inspections Hybrid	Phiếu kiểm hóa cắt hỗn hợp	g10_hybrid_production
1	Cutting Inspections Veston	Kiểm hóa Cắt	g10_veston_production
1	Cutting Production Count	Số lượng phiếu trải vải	g10_shirt_production
1	Cutting Production Hybrid Count	Số lượng phiếu trải vải	g10_hybrid_production
1	Cutting Production Quality	Ghi nhận chất lượng công đoạn cắt - KCS	g10_shirt_production
1	Cutting Productions	Danh sách phiếu trải vải	g10_shirt_production
1	Cutting Productions Hybrid	Danh sách phiếu trải vải	g10_hybrid_production
1	Cutting Productivity General	Ghi nhận sản lượng công đoạn cắt KCS	g10_shirt_production
1	Cutting Productivity General Hybrid	Ghi nhận chất lượng cắt KCS hỗn hợp	g10_hybrid_production
1	Cutting Request Combine	Gộp phiếu trải vải	g10_shirt_production
1	Cutting Request Line	Chi tiết phiếu trải vải	g10_shirt_production
1	Cutting Requests	Phiếu trải vải	g10_shirt_production
1	Cutting Requests Hybrid	Phiếu trải vải hỗn hợp	g10_hybrid_production
1	Cutting Requests Veston	Phiếu trải vải Veston	g10_veston_production
1	Cutting Requests to Combine	Yêu cầu Cắt cần gộp	g10_shirt_production
1	Cutting Return Inspection	Kiểm trả Cắt	g10_shirt_production
1	Cutting Returned	Đã trả cắt	g10_veston_production
1	Cutting Table Allocation Hybrid Num	Số HTBC	g10_hybrid_production
1	Cutting Table Allocation Num	Số HTBC	g10_shirt_production
1	Cutting Table Allocation Veston Num	Số phiếu HTBC Veston	g10_veston_production
1	Cutting Table Allocations Count	Số phiếu HTBC	g10_shirt_production
1	Cutting Table Allocations Hybrid	Hạch toán bàn cắt	g10_hybrid_production
1	Cutting Table Allocations Hybrid Count	Số phiếu HTBC	g10_hybrid_production
1	Cutting Table Allocations Veston	Hạch toán bàn cắt Veston	g10_veston_production
1	Cutting Table Allocations Veston Count	Số phiếu kiểm hóa cắt Veston	g10_veston_production
1	Cutting Table Book	Sổ ra bàn cắt	g10_report
1	Cutting defect area and Cutting Inspection area must be the same!	Khu vực lỗi bàn cắt và Khu vực kiểm hóa cắt phải giống nhau!	g10_shirt_production
1	Công đoạn trên Lệnh SX	Công đoạn SX	g10_production
1	Cấp Là	Cấp chuyền Là	g10_shirt_production
1	Cấp May	Phiếu cấp chuyền May	g10_shirt_production
1	Cấp trả Là	Cấp trả Là	g10_shirt_production
1	Date From	Từ ngày	g10_report
1	Date Imported	Ngày xác nhận	g10_hybrid_production
1	Date Invoice	Ngày hóa đơn	g10_stock
1	Date Request	Ngày yêu cầu	g10_stock
1	Date To	Tới ngày	g10_report
1	Default Filter	Bộ lọc mặc định	g10_production
1	Defect Area	Khu vực lỗi	g10_master
1	Defect Areas	Khu vực lỗi	g10_master
1	Defect Categories	Nhóm mã lỗi	g10_master
1	Defect Category	Nhóm mã lỗi	g10_master
1	Defect Category Code	Ký hiệu	g10_master
1	Defect Category Name	Nhóm mã lỗi	g10_master
1	Defect Code number	Số mã lỗi	g10_master
1	Defect Description	Mô tả lỗi	g10_master
1	Defect Details	Chi tiết lỗi	g10_veston_production
1	Defect Images	Ảnh lỗi	g10_production
1	Defect Rate (%)	Tỷ lệ lỗi/thiếu (%)	g10_stock
1	Defect Record Report	Biên bản ghi nhận lỗi	g10_stock
1	Defect must be unique per body-change record!	Lỗi phải là duy nhất trong một phiếu thay thân!	g10_veston_production
1	Defect quantity must be greater than or equal to zero!	Số lượng lỗi phải lớn hơn hoặc bằng 0!	g10_veston_production
1	Defects	Mã lỗi	g10_master
1	Delete Package	Xóa NPL đã tạo	g10_stock
1	Deleting a finished product inspection is not allowed!	Không được phép xóa phiếu kiểm kho thành phẩm!	g10_veston_production
1	Deleting fabric spreading is not allowed!	Không cho phép xóa phiếu trải vải!	g10_one_off_production
1	Deleting finished product inspection lines is not allowed!	Không được phép xóa chi tiết phiếu kiểm kho thành phẩm!	g10_veston_production
1	Deleting this record is not allowed!	Không được phép xóa phiếu này!	g10_veston_production
1	Deliveries	Phiếu giao hàng	g10_shirt_production
1	Delivery	Giao hàng	g10_stock
1	Delivery Count	Số lần giao hàng	g10_shirt_production
1	Delivery Method	Phương thức giao hàng	g10_master
1	Delivery Order	Phiếu giao hàng	g10_shirt_production
1	Delivery Orders	Các phiếu giao hàng	g10_shirt_production
1	Department	Phòng ban	g10_master
1	Department Name	Tên phòng ban	g10_master
1	Departments	Bộ phận	g10_master
1	Destination	Đích nhận	g10_mattermost_integration
1	Destination Package	Cuộn vải	g10_stock
1	Destinations	Đích nhận	g10_mattermost_integration
1	Destroy	Hàng chờ hủy	g10_stock
1	Detail Lines	Chi tiết	g10_veston_production
1	Detail delivery	CHi tiết giao hàng	g10_stock
1	Detail in/out stock request	Chi tiết nhập/xuất	g10_stock
1	Detail must be unique per pressing supply!	Chi tiết phải là duy nhất trên mỗi phiếu cấp là!	g10_one_off_production
1	Detail must be unique per stock import!	Chi tiết phải là duy nhất trên mỗi phiếu nhập kho!	g10_one_off_production
1	Detailed Operations	Hoạt động chi tiết	g10_stock
1	Document	Tài liệu đính kèm	g10_production
1	Document Name	Tên Tài liệu đính kèm	g10_production
1	Document Width (cm)	Khổ chứng từ (cm)	g10_stock
1	Document Width (inch)	Khổ chứng từ (inch)	g10_stock
1	Document Width Unit of Measure	Đơn vị Khổ chứng từ	g10_stock
1	Does this production order require sewing inspection before washing?	Lệnh sản xuất này có kiểm hóa may trước giặt không?	g10_hybrid_production
1	Domain Size	Miền Cỡ	g10_veston_production
1	Done One-off Pressing Rechecks	Recheck là đơn chiếc đã hoàn thành	g10_one_off_production
1	Done One-off Sewing Rechecks	Recheck đơn chiếc đã hoàn thành	g10_one_off_production
1	Done Pressing Inspection Details	Chi tiết kiểm Là hoàn thành	g10_veston_production
1	Done Pressing Inspection Lines	Dòng kiểm là đã hoàn thành	g10_one_off_production
1	Done Pressing Rechecks	Recheck Là hoàn thành	g10_veston_production
1	Done Sewing Inspection Details	Chi tiết kiểm hóa đã sửa đạt	g10_hybrid_production
1	Down Size	Hạ cỡ	g10_shirt_production
1	Download	Tải xuống	g10_report
1	Download sample template	Tải xuống tệp mẫu	g10_one_off_production
1	Download template	Tải template	g10_veston_production
1	Driver Name	Tên lái xe	g10_veston_production
1	Duplicate data for the same period!	Trùng dữ liệu theo khoảng thời gian!	g10_report
1	Duplicate operation codes found in import file: %s	Tìm thấy mã công đoạn trùng trong file nhập: %s	g10_one_off_production
1	Duplicating a Fabric Color Reflection Sheet is not allowed.	Không được phép nhân bản Bảng phân ánh màu vải.	g10_stock
1	Duplicating a Production Order is not allowed!	Không được phép nhân bản một Lệnh SX!	g10_production
1	Duplicating a finished product import is not allowed!	Không được phép nhân bản phiếu nhập kho thành phẩm!	g10_veston_production
1	Duplicating a finished product inspection is not allowed!	Không được phép nhân bản phiếu kiểm hóa kho!	g10_veston_production
1	Duplicating a one-off pressing supply is not allowed!	Không được phép nhân bản phiếu cấp là đơn chiếc!	g10_one_off_production
1	Duplicating a one-off product is not allowed!	Không được phép nhân bản sản phẩm đơn chiếc!	g10_one_off_production
1	Duplicating a one-off production order is not allowed!	Không được phép nhân bản lệnh SX Đơn chiếc!	g10_one_off_production
1	Duplicating a one-off sewing supply is not allowed!	Không được phép nhân bản phiếu cấp may đơn chiếc!	g10_one_off_production
1	Duplicating a one-off stock import is not allowed!	Không được phép sao chép phiếu nhập kho đơn chiếc!	g10_one_off_production
1	Duplicating a sewing productivity is not allowed!	Không được phép nhân bản phiếu Ghi nhận năng suất tổ may!	g10_shirt_production
1	Duplicating fabric spreading is not allowed!	Không cho phép nhân bản phiếu trải vải!	g10_one_off_production
1	Duplicating finished product inspection lines is not allowed!	Không được phép nhân bản chi tiếu phiếu kiểm kho thành phẩm!	g10_veston_production
1	Duplicating this record is not allowed!	Không được phép nhân bản phiếu này!	g10_veston_production
1	Dye Washing	Giặt nhuộm	g10_production
1	Each AQL rule can exist only once in a Production Quality!	Một quy tắc AQL chỉ được xuất hiện một lần trong một phiếu KCS!	g10_production
1	Each Fabric Type without declare sequence number can be allocated with a Marker Frame only once!	Một loại vải phụ chỉ được hạch toán trên một KGSĐ một lần duy nhất!	g10_veston_production
1	Each bundle can only be supplied for a single production line	Mỗi Bọn chỉ được cấp cho một Chuyền/Tổ SX	g10_shirt_production
1	Each bundle number can only appear once in pressing veston supply lines!	Mỗi một STT chỉ được xuất hiện một lần trong chi tiết cấp Là Veston!	g10_veston_production
1	Each bundle number must be unique per return!	Mỗi số bó phải là duy nhất theo từng phiếu trả!	g10_veston_production
1	Each bundle number must be unique per sewing inspection.	STT phải là duy nhất trong một phiếu kiểm hóa May.	g10_veston_production
1	Each component category can only appear once in the same one-off product!	Mỗi nhóm thành phần chỉ được xuất hiện một lần trong cùng một sản phẩm đơn chiếc!	g10_one_off_production
1	Each line group must be unique per production, production line, and color!	Danh sách vóc cỡ phải là duy nhất theo lệnh SX, Chuyền/Tổ SX và Cỡ/Vóc!	g10_veston_production
1	Each production line group can only appear once in the same document!	Mỗi nhóm chi tiết lệnh SX chỉ được chọn một lần trong một phiếu nhập!	g10_veston_production
1	Each production line group can only appear once in the same inspection!	Mỗi chi tiết lệnh SX chỉ được xuất hiện một lần trong một phiếu kiểm kho thành phẩm!	g10_veston_production
1	Each production order can have only one reference document!	Mỗi một Lệnh SX chỉ được có duy nhất một tài liệu Sở cứ!	g10_production
1	Each production order can only have one finished product inspection per company!	Mỗi mọt lệnh SX chỉ được phép có một phiếu kiểm kho thành phẩm trong một công ty!	g10_veston_production
1	"Each update entry must include an ""id""!"	"Mỗi phần tử cập nhật phải có ""id""!"	g10_veston_production
1	Edit Shine	Điền thông tin Ánh màu	g10_stock
1	Elasticity 1	Độ déo 1	g10_stock
1	Elasticity 2	Độ déo 2	g10_stock
1	Embroidery	Thêu	g10_production
1	Employee	Nhân viên	g10_master
1	Employee's Name	Tên nhân viên	g10_master
1	Employees	Nhân viên	g10_master
1	End Date	Ngày kết thúc	g10_report
1	End Quantity	Đến	g10_production
1	End Time	Thời gian kết thúc	g10_master
1	English Name	Tên Tiếng Anh	g10_master
1	Enough Documents for Production	Đã đầy đủ tài liệu SX	g10_production
1	Enter the webhook URL to use Webhook authentication.	Nhập URL webhook để sử dụng xác thực Webhook.	g10_mattermost_integration
1	Entire Code	Cả mã	g10_veston_production
1	Entire Model	Cả model	g10_veston_production
1	Error - X Coordinate	Tọa độ lỗi - X	g10_veston_production
1	Error - Y Coordinate	Tọa độ lỗi - Y	g10_veston_production
1	Error Body	Báo cáo tổng hợp lỗi kiểm thân	g10_report
1	Error Body Report	Báo cáo tổng hợp lỗi kiểm thân	g10_report
1	Error Detail	Báo cáo chi tiết lỗi	g10_report
1	Error Detail Report	Báo cáo chi tiết lỗi	g10_report
1	Error Detail Veston	Báo cáo lỗi chi tiết Veston	g10_report
1	Error Message	Thông báo lỗi	g10_mattermost_integration
1	Event Code	Mã sự kiện	g10_mattermost_integration
1	Event Rules	Quy tắc sự kiện	g10_mattermost_integration
1	Executor	Người thực hiện	g10_shirt_production
1	Export Lines	Chi tiết xuất	g10_veston_production
1	Export Package File	Xuất file tem NPL	g10_stock
1	Export Report	Xuất báo cáo	g10_report
1	Export quantity	Số lượng xuất	g10_veston_production
1	Export quantity must be greater than 0!	Số lượng xuất phải lớn hơn 0!	g10_veston_production
1	Export to get template	Xuất lấy mẫu	g10_stock
1	Exported Qty	Lũy kế cấp	g10_veston_production
1	Exported Return	Đã xuất trả	g10_shirt_production
1	Fabric Code	Mã vải	g10_one_off_production
1	Fabric Color Reflection	Bảng phân ánh màu vải	g10_stock
1	Fabric Color Reflection Count	Số Bảng phân ánh màu vải	g10_stock
1	Fabric Color Reflection Line	Chi tiết Bảng phân ánh màu vải	g10_stock
1	Fabric Color Reflection can only be created from an incoming picking.	Bảng phân ánh màu vải chỉ có thể được tạo từ phiếu nhập kho.	g10_stock
1	Fabric Color Reflections	Danh sách Bảng phân ánh màu vải	g10_stock
1	Fabric Inspection Evaluation	Đánh giá quay kiểm vải	g10_stock
1	Fabric Roll Count	Số cuộn vải	g10_stock
1	Fabric Roll Label	In tem cuộn vải	g10_stock
1	Fabric Roll Label File	In tem cuộn vải	g10_stock
1	Fabric Roll Name	Mã kiện hàng	g10_stock
1	Fabric Roll Number	Cuộn số (điền tay)	g10_stock
1	Fabric Roll name '%s' already exists.	Cuộn vải '%s' đã tồn tại.	g10_stock
1	Fabric Rolls	Cuộn vải	g10_stock
1	Fabric Spreading	Phiếu trải vải	g10_one_off_production
1	Fabric Spreading - One-off	Phiếu trải vải - Hàng đơn chiếc	g10_one_off_production
1	Fabric Spreading Count	Số phiếu trải vải	g10_one_off_production
1	Fabric Spreading Detail - One-off	Chi tiết trải vải - Hàng đơn chiếc	g10_one_off_production
1	Fabric Spreading One-off	Phiếu trải vải đơn chiếc	g10_one_off_production
1	Fabric Spreading Quota - One-off	Định mức trải vải - Hàng đơn chiếc	g10_one_off_production
1	Fabric Testing	Kiểm thử vải	g10_stock
1	Fabric Testing Report Count	Số luượng Kiểm thử vải	g10_stock
1	Fabric Testing Reports	Danh sách Kiểm thử vải	g10_stock
1	Fabric Types	Loại vải	g10_master
1	Fabric name must be unique per production unit!	Tên vải phải là duy nhất trong mỗi đơn vị !	g10_master
1	"Fabric roll ""%s"" is selected in multiple lines. Each roll can only be assigned a reflection in a single line."	"Cuộn vải ""%s"" được chọn ở nhiều dòng. Mỗi cuộn chỉ có thể được gán ánh màu trong một dòng duy nhất."	g10_stock
1	Fabric roll %s has already been added.	Cuộn vải %s đã được thêm vào.	g10_stock
1	Fabric testing	Báo cáo thử nghiệm vải	g10_stock
1	Face-to-Face spreading	Trải quật xòe	g10_veston_production
1	Factory	Xí nghiệp	g10_report
1	Factory review	Xí nghiệp đánh giá	g10_production
1	Failed	Thất bại	g10_mattermost_integration
1	Failed Pickings	Điều chuyển thất bại	g10_stock
1	Figure Name	Tên Hệ sản phẩm	g10_master
1	Figure Sequence	STT Hệ sản phẩm	g10_master
1	Figure-Size	Vóc-Cỡ	g10_master
1	File	Tệp tin	g10_stock
1	File Type	Loại tệp tin	g10_stock
1	File do not exist!	Không tồn tại tập tin nhập dữ liệu nào!	g10_stock
1	File to check and/or import, raw binary (not base64)	Tệp để kiểm tra và/hoặc import (không phải base64)	g10_stock
1	Final Factory Inspection Line	Chi tiết kiểm Final Xí nghiệp	g10_production
1	Final Factory Inspection Lines	Chi tiết kiểm Final Xí nghiệp	g10_production
1	Final Inspection Line	Chi tiết kiểm Final	g10_production
1	Final Inspection Lines	Chi tiết kiểm Final	g10_production
1	Final inspection detail	Chi tiết kiểm Final	g10_production
1	Finished	Hoàn thành	g10_veston_production
1	Finished Product Export	Xuất kho thành phẩm	g10_veston_production
1	Finished Product Import	Nhập kho thành phẩm	g10_veston_production
1	Finished Product Imports	Nhập kho thành phẩm	g10_veston_production
1	Finished Product Inspection	Kiểm kho thành phẩm	g10_veston_production
1	Finished import product	Nhập thành phẩm	g10_veston_production
1	Folded-width spreading	Trải quật gập khổ	g10_veston_production
1	For fabrics need inspection, you must select at least one allocation for value!	Với loại vải cần kiểm hóa, cần chọn ít nhất một giá trị Hạch toán cho !	g10_veston_production
1	For new production lines added after the last allocation, please make sure they are placed at the end of the priority list!	Với trường hợp có chi tiết lệnh sản xuất mới được tạo sau khi đã hạch toán, hãy kéo các thứ tự ưu tiên hạch mới tương ứng xuống dưới cùng!	g10_veston_production
1	Forward flow	Hàng thường	g10_veston_production
1	Frame Line Sizes	Chi tiết cỡ	g10_hybrid_production
1	Frame code and frame color must be unique in a marker frame!	Mã khung giác sơ đồ và Màu phải là duy nhất trong một Khung giác sơ đồ!	g10_veston_production
1	From Date	Từ ngày	g10_report
1	From date and To date are required.	Từ ngày và Đến ngày là bắt buộc.	g10_report
1	From date cannot be later than To date.	Từ ngày phải lớn hơn hoặc bằng Đến ngày.	g10_report
1	Front Image Sample	Ảnh mẫu - Mặt trước	g10_master
1	GSM	Định lượng	g10_stock
1	GSM Unit of Measure	Đơn vị đo lường GSM	g10_stock
1	Garment Parts	Thành phần Áo/Quần chi tiết	g10_master
1	Garment part must be unique per bundle!	Chi tiết Áo/Quần phải là duy nhất trong mỗi Bọn!	g10_veston_production
1	Gather hourly sewing productivity report data	Tổng hợp sản lượng May theo giờ	g10_report
1	Gender	Giới tính	g10_one_off_production
1	Generate Package Code	Yêu cầu tạo mã	g10_stock
1	Generate Package Code Request	Yêu cầu tạo mã	g10_stock
1	Ghi nhận năng suất tổ May	Ghi nhận năng suất tổ May	g10_shirt_production
1	Ghi nhận năng suất tổ May - Chi tiết	Ghi nhận năng suất tổ May - Chi tiết	g10_shirt_production
1	Gile set	Bộ kèm Gile	g10_veston_production
1	HQ Code	Mã HQ	g10_stock
1	Half-open spreading	Trải lá nửa khổ	g10_veston_production
1	Half-width spreading	Trải nửa khổ	g10_veston_production
1	Has Confirm Cutting Table Allocation Hybrid	Có phiếu HTBC Hỗn hợp đã xác nhận	g10_hybrid_production
1	Has Confirm Cutting Table Allocation Veston	Có phiếu HTBC Veston đã xác nhận	g10_veston_production
1	Has Confirmed Cutting Table Allocation	Có phiếu Hạch toán bàn cắt đã xác nhận	g10_shirt_production
1	Has Confirmed Cutting Table Allocation Veston	Có phiếu HTBC đã xác nhận	g10_veston_production
1	Has Cutting Inspection	Chi tiết kiểm hóa	g10_shirt_production
1	Has Cutting Inspection Veston	Kiếm hóa Cắt Veston	g10_veston_production
1	Has Imported Pressing Return Veston	Có phiếu Trả hàng Là Veston - Nhập	g10_veston_production
1	Has Imported Pressing Supply Veston	Có phiếu Nhập tổ Là Veston - Nhập	g10_veston_production
1	Has Imported Sewing Supply Veston	Có phiếu cấp May Veston đã xác nhận	g10_veston_production
1	Has Imported Stock Finished Product Import	Có phiếu nhập kho thành phẩm đã nhập	g10_veston_production
1	Has Inspected Sewing Production Quality	Có phiếu kiểm KCS May đã kiểm	g10_shirt_production
1	Has Inspection Done Veston Number	Có STT hoàn thành	g10_veston_production
1	Has Pending Sewing Supply Veston	Có phiếu kiểm hóa Veston đang thực hiện	g10_veston_production
1	Has Progress Pressing Inspection	Có phiếu Kiểm hóa May đang thực hiện/đã hoàn thành	g10_shirt_production
1	Has Progress Pressing Inspection Veston	Có phiếu kiểm hóa Là Veston đang thực hiện	g10_veston_production
1	Has confirmed cutting production quality	Có phiếu Ghi nhận chất lượng KCS đã xác nhận	g10_shirt_production
1	Have no Fabric Roll to create report!	Không tìm thấy cuộn vải nào trong phiếu nhập kho này.	g10_stock
1	Heavy Washing	Giặt nặng	g10_production
1	Hemming	May gấu	g10_shirt_production
1	Hybrid Production Operation	Sản xuất Hỗn hợp	g10_hybrid_production
1	ID Code	Mã ID	g10_veston_production
1	ID code	ID Code	g10_stock
1	If checked, the cutting table allocation Veston for this fabric will generate inspection records.	Nếu chọn,  phiếu HTBC Veston khi xác nhận sẽ sinh ra phiếu kiểm hóa cho loại vải này.	g10_master
1	If checked, this defect area applies to all styles in the company.	Nếu chọn, Khu vực lỗi này sẽ áp dụng cho tất cả Style thuộc về Đơn vị này.	g10_master
1	Import Date	Ngày nhập	g10_one_off_production
1	Import Details	Chi tiết nhập	g10_one_off_production
1	Import Fabric Inventory	Nhập kho hàng tồn	g10_stock
1	Import Fabric Roll	Nhập cuộn vải	g10_stock
1	Import One-off Production Template	Nhập mẫu sản xuất đơn chiếc	g10_one_off_production
1	Import Package	Nhập cuộn vải	g10_stock
1	Import Template	Nhập mẫu	g10_one_off_production
1	Import quantity	Số lượng nhập	g10_veston_production
1	Import quantity must be greater than 0!	Số lượng nhập phải lớn hơn 0!	g10_veston_production
1	Imported By	Người xác nhận	g10_hybrid_production
1	Imported Qty	Lũy kế nhập	g10_veston_production
1	Imported Quantity	Số lượng nhập	g10_veston_production
1	Imported Return	Đã nhập trả	g10_shirt_production
1	Imported quantity must be greater than 0!	Số lượng nhập phải lớn hơn 0!	g10_veston_production
1	In Stock	Đã nhập kho	g10_one_off_production
1	In Use	Sử dụng	g10_master
1	In-Out Goods Record	Sổ theo dõi giao nhận hàng	g10_report
1	Included Inspection	Kiểm hóa	g10_master
1	Incoming	Nhận hàng	g10_stock
1	"Inconsistent Mode for Group '%s':
- Past imports used: %s
- Current selection: %s
All imports for the same group must use the same mode."	"Chế độ nhập không nhất quán cho Nhóm '%s':
- Các lần nhập trước sử dụng: %s
- Lựa chọn hiện tại: %s
Tất cả các lần nhập cho cùng một nhóm phải sử dụng cùng chế độ."	g10_veston_production
1	Indicates whether every main fabric bundle of the production order has already been supplied to sewing.	Chỉ ra tất cả các Bọn vải của lệnh sản xuất đã được cấp lên May hay không	g10_veston_production
1	Indicates whether the production order has at least one confirmed cutting production quality.	Chỉ ra lệnh SX này có ít nhất một phiếu kiểm KCS Cắt được xác nhận hay không.	g10_shirt_production
1	Indicates whether the production order has at least one confirmed cutting table allocation veston.	Xác định lệnh SX có ít nhất một phiếu HTBC Veston ở trạng thái xác nhận.	g10_veston_production
1	Indicates whether the production order has at least one confirmed cutting table allocation.	Để xác định lệnh SX này có ít nhất một phiếu Hạch toán bàn cắt ở trạng thái Xác nhận.	g10_shirt_production
1	Indicates whether the production order has at least one imported sewing supply veston.	Xác định lệnh SX có ít nhất một phiếu cấp May ở trạng thái đã nhập.	g10_veston_production
1	Indicates whether this cluster will be selectable in sewing supply veston.	Chỉ định Cụm SX có được chọn trong phiếu cấp May Veston hay không.	g10_master
1	Info!	Thông báo	g10_stock
1	Initial Quantity (Y)	Số lượng ban đầu (Y)	g10_stock
1	Initial Quantity (m)	Số lượng ban đầu (m)	g10_stock
1	Inside Image Sample	Ảnh mẫu - Mặt trong	g10_master
1	Inspection Approved	Kiểm hóa đã được xác nhận	g10_mattermost_integration
1	Inspection Detail	Chi tiết kiểm	g10_one_off_production
1	Inspection Details	Chi tiết kiểm hóa	g10_production
1	Inspection Rejected	Kiểm hóa bị từ chối	g10_mattermost_integration
1	Inspection Return Done	Đã kiểm hóa trả	g10_shirt_production
1	Inspection Type Mixin	Ngày kiểm	g10_production
1	Inspection Types	Ngày kiểm	g10_production
1	Inspection Waiting Approve	Kiểm hóa chờ xác nhận	g10_mattermost_integration
1	Inspection detail component category is not allowed for the inspection cluster.	Nhóm thành phần của chi tiết kiểm không được phép cho cụm kiểm này.	g10_one_off_production
1	Inspection detail must belong to the same inspection as the inspection line.	Chi tiết kiểm phải thuộc cùng phiếu kiểm với dòng kiểm.	g10_one_off_production
1	Inspection detail production must match inspection production.	Lệnh sản xuất của chi tiết kiểm phải khớp với lệnh sản xuất của phiếu kiểm.	g10_one_off_production
1	Inspection records must be in Draft or In Progress state to be marked as Done!	Phiếu kiểm hóa phải ở trạng thái Nháp hoặc Đang thực hiện mới có thể chuyển sang trạng thái Hoàn thành!	g10_veston_production
1	Internal Notes	Ghi chú nội bộ	g10_master
1	Internal notes...	Ghi chú nội bộ...	g10_master
1	Internal usage production picking cannot be validated!	Lỗi!. Không thể xác nhận phiếu điều chuyển sản xuất. Có dòng điều chuyển chưa được quét.	g10_stock
1	Invalid cell format at row %(row)s, column %(col)s: %(cell_value)s, with format: %(cell_format)s, as (%(format_type)s) formats are not supported.	Định dạng ô không hợp lệ tại dòng %(row)s, cột %(col)s: %(cell_value)s, với định dạng %(cell_format)s, vì định dạng (%(format_type)s) không được hỗ trợ.	g10_one_off_production
1	Invalid cell value at row %(row)s, column %(col)s: %(cell_value)s	Giá trị ô không hợp lệ tại dòng %(row)s, cột %(col)s: %(cell_value)s	g10_one_off_production
1	Invalid date format. Please use the format %s.	Sai định dạng ngày. Vui lòng sử dụng định dạng %s.	g10_report
1	Invalid file format. Please upload a valid Excel file (xls or xlsx).	Định dạng tệp không hợp lệ. Vui lòng tải lên tệp Excel hợp lệ (xls hoặc xlsx).	g10_one_off_production
1	Invalid inspection detail.	Chi tiết kiểm không hợp lệ.	g10_one_off_production
1	Invalid inspection line.	Dòng kiểm không hợp lệ.	g10_one_off_production
1	Inventory	Hàng tồn	g10_stock
1	Inventory Locations	Vị trí kiểm kho	g10_stock
1	Inventory location not found for product %s	Không tìm thấy vị trí kho hàng cho sản phẩm %s	g10_stock
1	Invoice	Số Invoice	g10_stock
1	Invoice Name	Số hóa đơn	g10_veston_production
1	Invoice Number	Số Invoice	g10_stock
1	Invoices	Số Invoice	g10_stock
1	Invoices Number	Số Invoice	g10_stock
1	Ironing Productivity Record	Sổ theo dõi năng suất tổ Là	g10_report
1	Ironing Quality	Chất lượng là	g10_veston_production
1	Is Combine	Phiếu gộp	g10_stock
1	Is Default Picking Internal	Là điều chuyển mặc định	g10_stock
1	Is End Buyer	Là EndBuyer	g10_master
1	Is Fully Supplied To Sewing Veston	Đã cấp hết lên May Veston	g10_veston_production
1	Is Internal Usage Production	Điều chuyển tồn sau sản xuất	g10_stock
1	Is Label Printed	Đã in	g10_stock
1	Is Last Cluster	Là cụm cuối	g10_master
1	Is Last Shift	Là Ca cuối cùng	g10_master
1	Is Out In Internal	Điều chuyển nội bộ	g10_stock
1	Is Outgoing Material Destroy	Là phiếu xuất hủy NPL	g10_stock
1	Is Outgoing Service Conversion	Xuất chuyển mục đích	g10_stock
1	Is Outgoing Usage Production	Xuất kho sản xuất	g10_stock
1	Is Production Floor	Kho mặt sàn sản xuất	g10_stock
1	Is Return Production	Đã chuyển về kho	g10_stock
1	Is Scanned	Đã quét	g10_stock
1	Is Vendor	Là NCC	g10_master
1	Is supply returned	Cấp hàng đã sửa trả Là	g10_shirt_production
1	KCS Là	KCS Là	g10_shirt_production
1	KCS May	KCS May	g10_shirt_production
1	Kids	Trẻ em	g10_master
1	Kiểm Final	Phiếu kiểm Final	g10_production
1	Kiểm hóa Cắt	Kiểm hóa công đoạn	g10_shirt_production
1	Kiểm hóa Cắt hybrid	Kiểm hóa công đoạn	g10_hybrid_production
1	Kiểm hóa Là Veston	Kiểm hóa Là Veston	g10_mattermost_integration
1	Kiểm hóa May Veston	Kiểm hóa May Veston	g10_mattermost_integration
1	Kiểm hóa trả Cắt	Kiểm hóa trả Cắt	g10_shirt_production
1	Kiểm trả May	Kiểm trả May	g10_shirt_production
1	Label Printed	Đã in tem	g10_stock
1	Labor Registration	Phiếu khai báo lao động	g10_shirt_production
1	Last Modified on	S???a l???n cu???i v??o	report_py3o
1	Latest Start Number	Số bắt đầu gần nhất	g10_veston_production
1	Line %s not found!	Không tìm thấy dòng %s!	g10_veston_production
1	Line <b>%s</b> updated:<ul>%s</ul>	Dòng <b>%s</b> đã cập nhật:<ul>%s</ul>	g10_veston_production
1	Line Count	Số dòng chi tiết	g10_veston_production
1	Line Group	Nhóm chi tiết	g10_veston_production
1	Line Production Orders	Lệnh sản xuất	g10_shirt_production
1	Line Qty	Số lượng dòng	g10_one_off_production
1	Line Quantity	Số lượng dòng	g10_one_off_production
1	Line deleted: <b>%s</b>	Đã xóa dòng: <b>%s</b>	g10_veston_production
1	Line department must be unique per Company!	Tổ/Chuyền phải là duy nhất trong mỗi đơn vị!	g10_master
1	Line does not belong to this record!	Dòng không thuộc phiếu này!	g10_veston_production
1	Lining	Vải lót	g10_one_off_production
1	Lining Fabric Code	Mã vải lót	g10_one_off_production
1	Lining Length	Định mức vải lót	g10_one_off_production
1	Load Details	Tải chi tiết	g10_one_off_production
1	Load Material Rolls for Destroy	Tải cuộn vải xuất hủy	g10_stock
1	Location Inventory	Vị trí hàng tồn	g10_stock
1	Location QR Code	In mã QR	g10_stock
1	Lot	Số lot	g10_stock
1	Lot Number	Số Lot	g10_stock
1	MITI synced records must have Id Miti.	Các bản ghi đồng bộ từ Miti phải có dữ liệu ID Miti.	g10_miti_synchronization
1	MRP Cancel Wizard	Wizard hủy phiếu	g10_production
1	MRP Inspection Type	Loại hình SX	g10_production
1	MRP Production One-off	Sản xuất đơn chiếc	g10_one_off_production
1	MRP Production Type Selection Wizard	Lựa chọn loại hình SX	g10_production
1	Main Fabric Code	Mã vải chính	g10_one_off_production
1	Main Length	Định mức vải chính	g10_one_off_production
1	Main Production	Hàng nguyên liệu chính	g10_stock
1	Management Code	Mã quản lý	g10_one_off_production
1	Manual creation of fabric spreading is not allowed!	Không thể tạo mới thủ công phiếu trải vải!	g10_one_off_production
1	Manufacture Date	Ngày sản xuất	g10_production
1	Manufacturing Orders	Lệnh sản xuất	g10_stock
1	Marker Frame Code	Mã KGSĐ	g10_veston_production
1	Marker Frame Line Size	Chi tiết phối kiện theo Cỡ Vóc	g10_veston_production
1	Marker Frame Lines	Chi tiết khung giác sơ đồ	g10_veston_production
1	Marker frame name must be unique per product!	Mã KGSĐ phải là duy nhất theo sản phẩm!	g10_veston_production
1	Marker sample must be greater than zero!	Mẫu giác phải lớn hơn 0!	g10_veston_production
1	Master Data	Dữ liệu cơ sở	g10_master
1	Matched	Khớp	g10_veston_production
1	Matching Rules	Cấu hình quy tắc	g10_production
1	Material (NPL)	Mã NPL	g10_stock
1	Material Code	Mã NPL	g10_stock
1	Material Colors & Tables hybrid	Màu NPL & Bàn	g10_hybrid_production
1	Material Composition	Thành phần nguyên liệu	g10_stock
1	Material Name	Tên NPL	g10_stock
1	Material Segment	Nhóm NPL	g10_master
1	Materials	Nguyên phụ liệu	g10_stock
1	Materials Search	Tìm kiếm NPL	g10_stock
1	Mattermost Admin	Quản trị Mattermost	g10_mattermost_integration
1	Mattermost Destination	Đích nhận Mattermost	g10_mattermost_integration
1	Mattermost Destinations	Đích nhận Mattermost	g10_mattermost_integration
1	Mattermost Dispatcher	Bộ điều phối Mattermost	g10_mattermost_integration
1	Mattermost Event Rule	Quy tắc sự kiện Mattermost	g10_mattermost_integration
1	Mattermost Event Rules	Quy tắc sự kiện Mattermost	g10_mattermost_integration
1	Mattermost Formatter	Bộ định dạng Mattermost	g10_mattermost_integration
1	Mattermost Integration	Tích hợp Mattermost	g10_mattermost_integration
1	Mattermost Message Log	Nhật ký tin nhắn Mattermost	g10_mattermost_integration
1	Mattermost Message Logs	Nhật ký tin nhắn Mattermost	g10_mattermost_integration
1	Mattermost Sender	Bộ gửi Mattermost	g10_mattermost_integration
1	Men	Nam	g10_master
1	"Merged production is not allowed for fabric type ""%s"" that requires inspection."	Không được phép chọn lệnh gộp cho loại vải '%s' có yêu cầu kiểm hóa.	g10_veston_production
1	Message Body	Nội dung tin nhắn	g10_mattermost_integration
1	Message Logs	Nhật ký tin nhắn	g10_mattermost_integration
1	Message Title	Tiêu đề tin nhắn	g10_mattermost_integration
1	Meter (m)	Mét (m)	g10_stock
1	Missing Qty	Số lượng thiếu	g10_production
1	Mode	Chế độ	g10_stock
1	Model	Model	g10_mattermost_integration
1	Mrp Cutting Request Combine Wizard	Gộp phiếu trải vải	g10_shirt_production
1	NPL Color	Màu NPL	g10_shirt_production
1	NPL Issue / Exchange / Borrow Request	Đề nghị Cấp/Đổi/Vay NPL	g10_shirt_production
1	NPL Material	Mã NPL	g10_shirt_production
1	NPL Request	Phiếu NPL	g10_shirt_production
1	NPL code	Mã NPL	g10_stock
1	Name must be unique per component category!	Tên phải là duy nhất trong mỗi nhóm!	g10_master
1	Need Veston Inspection	Cần kiểm hóa Veston	g10_master
1	Need Veston Supply	Cần cấp May Veston	g10_master
1	New Import	Hàng nhập mới	g10_stock
1	New Invoice	Hóa đơn mới	g10_stock
1	New NPL	Mã NPL mới	g10_stock
1	New Partner	Khách hàng mới	g10_stock
1	New line created: <b>%s</b>	Dòng mới được tạo: <b>%s</b>	g10_veston_production
1	No	Không	g10_hybrid_production
1	No Fabric Roll in Inventory!	Không tìm thấy Cuộn vải nào tồn kho!	g10_stock
1	No Washing	Không giặt	g10_production
1	No allocation logic configured for production type %s.	Không có loại hình hạch toán phù hợp cho loại hình SX %s	g10_production
1	No cutting requests found.	Không tìm thấy phiếu trải vải nào.	g10_veston_production
1	No fabric color reflection sheet yet	Chưa có bảng phân ánh màu vải nào	g10_stock
1	No fabric rolls found at the source location matching the materials on this picking.	Không tìm thấy cuộn vải nào tại vị trí nguồn khớp với NPL của phiếu.	g10_stock
1	No moves available on this picking.	Phiếu này không có dòng hoạt động nào.	g10_stock
1	No production type matches this production.	Không có loại hình SX cho lệnh SX này.	g10_production
1	No valid fabric roll found.	Không tìm thấy cuộn vải hợp lệ nào.	g10_stock
1	No valid number records to mark as pass!	STT không hợp lệ để đánh dấu là đạt!	g10_veston_production
1	No valid one-off inspection detail records to mark as pass!	Không có bản ghi chi tiết kiểm đơn chiếc hợp lệ để đánh dấu đạt!	g10_one_off_production
1	None	Không	g10_veston_production
1	Normal Washing	Giặt thường	g10_production
1	Not Synced	Chưa đồng bộ	g10_production
1	Not pass Ratio	Tỷ lệ không đạt	g10_production
1	Number of Additional Workers	Số lượng lao động tăng cường	g10_production
1	Number of Employees	Số lượng lao động	g10_production
1	Number of Managers	Số lượng quản lý	g10_production
1	Number of products in the marker frame	Số lượng sản phẩm trong sơ đồ giác	g10_veston_production
1	Numbers	STT	g10_veston_production
1	Old NPL	Mã NPL cũ	g10_stock
1	Old Partner	Khách hàng cũ	g10_stock
1	One-off Pressing Inspection	Kiểm là đơn chiếc	g10_one_off_production
1	One-off Pressing Inspection Detail	Chi tiết kiểm là đơn chiếc	g10_one_off_production
1	One-off Pressing Inspection Details	Chi tiết kiểm là đơn chiếc	g10_one_off_production
1	One-off Pressing Inspection Line	Dòng kiểm là đơn chiếc	g10_one_off_production
1	One-off Pressing Inspection Lines	Dòng kiểm là đơn chiếc	g10_one_off_production
1	One-off Pressing Inspections	Kiểm là đơn chiếc	g10_one_off_production
1	One-off Pressing Recheck	Recheck là đơn chiếc	g10_one_off_production
1	One-off Pressing Recheck Line	Dòng recheck là đơn chiếc	g10_one_off_production
1	One-off Pressing Recheck Lines	Dòng recheck là đơn chiếc	g10_one_off_production
1	One-off Pressing Rechecks	Recheck là đơn chiếc	g10_one_off_production
1	One-off Pressing Supplies	Cấp là đơn chiếc	g10_one_off_production
1	One-off Pressing Supply	Phiếu cấp là đơn chiếc	g10_one_off_production
1	One-off Pressing Supply Count	Số phiếu cấp là đơn chiếc	g10_one_off_production
1	One-off Pressing Supply Line	Dòng cấp là đơn chiếc	g10_one_off_production
1	One-off Product	Sản phẩm đơn chiếc	g10_one_off_production
1	One-off Product Component	Thành phần sản phẩm đơn chiếc	g10_one_off_production
1	One-off Production	Lệnh đơn chiếc	g10_one_off_production
1	One-off Production Import Sheet	Sheet nhập sản xuất đơn chiếc	g10_one_off_production
1	One-off Production Import Wizard	Trình hướng dẫn nhập sản xuất đơn chiếc	g10_one_off_production
1	One-off Production Line	Chi tiết lệnh SX đơn chiếc	g10_one_off_production
1	One-off Production Line Detail	Chi tiết Chi tiết lệnh SX đơn chiếc	g10_one_off_production
1	One-off Production Order	Lệnh sản xuất đơn chiếc	g10_one_off_production
1	One-off Production Orders	Lệnh sản xuất đơn chiếc	g10_one_off_production
1	One-off Sewing Inspection	Kiểm may đơn chiếc	g10_one_off_production
1	One-off Sewing Inspection Detail	Chi tiết kiểm may đơn chiếc	g10_one_off_production
1	One-off Sewing Inspection Details	Chi tiết kiểm may đơn chiếc	g10_one_off_production
1	One-off Sewing Inspection Line	Dòng kiểm may đơn chiếc	g10_one_off_production
1	One-off Sewing Inspection Lines	Dòng kiểm may đơn chiếc	g10_one_off_production
1	One-off Sewing Inspections	Kiểm may đơn chiếc	g10_one_off_production
1	One-off Sewing Recheck	Recheck may đơn chiếc	g10_one_off_production
1	One-off Sewing Recheck Line	Dòng recheck may đơn chiếc	g10_one_off_production
1	One-off Sewing Recheck Lines	Dòng recheck may đơn chiếc	g10_one_off_production
1	One-off Sewing Rechecks	Recheck may đơn chiếc	g10_one_off_production
1	One-off Sewing Supplies	Cấp may đơn chiếc	g10_one_off_production
1	One-off Sewing Supply	Phiếu cấp may đơn chiếc	g10_one_off_production
1	One-off Sewing Supply Count	Số phiếu cấp may đơn chiếc	g10_one_off_production
1	One-off Sewing Supply Line	Dòng cấp may đơn chiếc	g10_one_off_production
1	One-off Stock Import	Nhập kho đơn chiếc	g10_one_off_production
1	One-off Stock Import Count	Số phiếu nhập kho đơn chiếc	g10_one_off_production
1	One-off Stock Import Line	Dòng nhập kho đơn chiếc	g10_one_off_production
1	One-off Stock Imports	Phiếu nhập kho đơn chiếc	g10_one_off_production
1	One-off product must be unique!	sản phẩm đơn chiếc phải là duy nhất!	g10_one_off_production
1	Only Inventory Clerk can validate internal usage production picking!	Chỉ có Thủ kho mới có thể xác nhận phiếu Điều chuyển tồn sau sản xuất!	g10_stock
1	Only draft documents can be confirmed!	Chỉ có thể xác nhận các phiếu ở trạng thái nháp!	g10_veston_production
1	Only draft returns can be exported.	Chỉ có thể Xuất các bản ghi ở trạng thái Nháp.	g10_veston_production
1	Only exported returns can be imported.	Chỉ có thể Nhập các bản ghi ở trạng thái Đã xuất.	g10_veston_production
1	Only one daily inspection may be created for each production order!	Mỗi lệnh chỉ được tạo tối đa một phiếu kiểm tra BTP cắt Veston trong một ngày!	g10_veston_production
1	Only pending inspection details can be marked as pass.	Chỉ chi tiết kiểm đang chờ mới được đánh dấu đạt.	g10_one_off_production
1	Only pending or passed inspection details can be marked as fail.	Chỉ chi tiết kiểm đang chờ hoặc đã đạt mới được đánh dấu lỗi.	g10_one_off_production
1	Only rechecks in progress can be completed.	Chỉ recheck đang thực hiện mới được hoàn thành.	g10_one_off_production
1	Only records in Draft state can be deleted.	Chỉ có thể xóa các bản ghi ở trạng thái Nháp.	g10_shirt_production
1	Only the creator of this record is allowed to mark it as done!	Chỉ người tạo phiếu Recheck mới được chuyển trạng thái sang hoàn thành!	g10_veston_production
1	Open Invoice	Xem Invoice	g10_stock
1	Open-width spreading	Trải lá xòe	g10_veston_production
1	Operation Code	Mã công đoạn	g10_one_off_production
1	Operation Code must be unique!	Mã công đoạn phải là duy nhất!	g10_one_off_production
1	Operation Codes	Mã công đoạn	g10_one_off_production
1	Operation Line	Mã công đoạn	g10_one_off_production
1	Operation Type	Loại hoạt động	g10_miti_synchronization
1	Operation codes already exist: %s	Mã công đoạn đã tồn tại: %s	g10_one_off_production
1	Operation line must be unique per supply!	Mã công đoạn phải là duy nhất trên mỗi phiếu cấp!	g10_one_off_production
1	Order Reference	Mã tham chiếu đơn hàng	g10_one_off_production
1	Origin	Xuất xứ	g10_stock
1	Origin Quantity (m)	SL ban đầu (m)	g10_stock
1	Other	Khác	g10_master
1	Outgoing	Xuất hàng	g10_stock
1	Outgoing Material Destroy	Xuất hủy NPL	g10_stock
1	Outgoing for Production	Điều chuyển sản xuất	g10_stock
1	Outside Image Sample	Ảnh mẫu - Mặt ngoài	g10_master
1	PO	Đơn hàng PO	g10_stock
1	PP Document	Biên bản họp trước sản xuất	g10_production
1	PP Document Name	Tên Biên bản họp trước sản xuất	g10_production
1	Package %s is not available for this body-change record!	Cuộn vải %s không khả dụng cho phiếu thay thân này!	g10_veston_production
1	Package Details	Chi tiết cuộn vải	g10_veston_production
1	Package Info	Mã kiện + chiều dài	g10_stock
1	Package Number	Mã kiện	g10_stock
1	Package Number/ Total Package	Mã kiện/Tổng số kiện	g10_stock
1	Package Open Date	Ngày mở kiện	g10_stock
1	Package code %s not found!	Không tìm thấy mã cuộn vải %s!	g10_veston_production
1	Package code is required!	Mã cuộn vải là bắt buộc!	g10_veston_production
1	Package information displaying as: Package Code + Quantity(Y) + Lot Number	Thông tin hiển thị dưới dạng: Mã + Số lượng(Y) + Số lot	g10_stock
1	Package lines have been updated successfully.	Cập nhật thành công.	g10_stock
1	Package not found!	Không tìm thấy cuộn vải!	g10_veston_production
1	Package to Split	Cuộn vải cần tách	g10_stock
1	Packages	Kiện hàng	g10_stock
1	Pants	Quần	g10_veston_production
1	Pants Lining 2C	Vải lót quần 2C	g10_one_off_production
1	Pants Lining 2C Code	Mã lót quần 2C	g10_one_off_production
1	Pants Lining 2C Length	Định mức lót quần 2C	g10_one_off_production
1	Pants Lining 2D	Vải lót quần 2D	g10_one_off_production
1	Pants Lining 2D Code	Mã lót quần 2D	g10_one_off_production
1	Pants Lining 2D Length	Định mức lót quần 2D	g10_one_off_production
1	Parent Package	Cuộn cha	g10_stock
1	Pass Missing Qty	Số lượng đạt còn thiếu	g10_production
1	Pass Quantity + Fixed Quantity cannot be greater than Inspection Quantity!	SL Đạt + SL sửa đạt phải nhỏ hơn hoặc bằng SL kiểm hóa!	g10_veston_production
1	Pattern	Kẻ sọc/caro	g10_one_off_production
1	Payment Method	Phương thức thanh toán	g10_master
1	Pending QA Approval	QA phê duyệt	g10_shirt_production
1	Phiếu trải vải	Phiếu trải vải	g10_shirt_production
1	Phiếu nhập kho thành phẩm	Nhập kho thành phẩm	g10_veston_production
1	Picking	Phiếu điều chuyển	g10_stock
1	Picking Incoming	Phiếu yêu cầu nhập	g10_stock
1	Picking Outgoing	Phiếu yêu cầu xuất	g10_stock
1	Picking internal: Cannot find incoming operation type for same company transfer!	"Không tìm thấy loại hoạt động ""nhập kho"" cho ""Điều chuyển nội bộ"""	g10_stock
1	Picking internal: The destination unit does not have an incoming operation type, please check again!	"Không có loại hoạt động ""nhập kho"" cho ""Điều chuyển nội bộ"" được cấu hình, vui lòng kiểm tra lại!"	g10_stock
1	Picking type extensions	Loại họat động	g10_stock
1	Picking type has no default source location configured.	Loại phiếu chưa cấu hình vị trí nguồn mặc định.	g10_stock
1	Pilot Document	Tài liệu Pilot (chế thử)	g10_production
1	Pilot Document Name	Tên tài liệu Pilot	g10_production
1	Please add NPL lines before creating a delivery order.	Hãy thêm các dòng NPL trước khi tạo phiếu giao hàng.	g10_shirt_production
1	Please add at least one frame material before click Update!	Vui lòng nhập thông tin NPL trước khi nhấn Cập nhật!	g10_veston_production
1	Please add at least one line before export.	Vui lòng thêm ít nhất một dòng trước khi xuất.	g10_one_off_production
1	Please add at least one package line before confirming!	Vui lòng thêm ít nhất một dòng cuộn vải trước khi xác nhận!	g10_veston_production
1	Please add at least one receive line before exporting.	Vui lòng thêm ít nhất một dòng chi tiết trước khi xuất phiếu.	g10_hybrid_production
1	Please choose a valid sheet to import.	Vui lòng chọn sheet hợp lệ để nhập.	g10_one_off_production
1	Please click 'Fulfill Start/End Number' button to fill valid start and end numbers before confirming!	Vui lòng nhấn 'Tính toán Số bắt đầu/Kế thúc' để điền đầy đủ thông tin cho số bắt đầu và kết thúc trước khi xác nhận!	g10_veston_production
1	Please click Update button on each frame line before Confirm allocation!	Cần nhấn Cập nhật trên từng dòng chi tiết KGSĐ trước khi nhấn Xác nhận HTBC!	g10_veston_production
1	Please click button Compute Start/End Qty before confirming!	Vui lòng nhấn nút Tính toán số bắt đầu/kết thúc trước khi nhấn xác nhận!	g10_veston_production
1	Please configure a picking type with 'Transfer Finished Goods Destroy' for this company.	Hãy cấu hình một hoạt động kho mới 'Chuyển hàng thành phẩm về hủy' cho công ty này.	g10_shirt_production
1	Please enter Reflection for all lines.	Vui lòng nhập Ánh màu cho tất cả các dòng.	g10_stock
1	Please enter spreading details before confirming!	Vui lòng nhập chi tiết trải vải trước khi xác nhận!	g10_one_off_production
1	Please fill tables and update data in lines first!	Vui lòng điền vào các bảng và cập nhật dữ liệu trong các dòng trước!	g10_veston_production
1	Please load at least one detail before export.	Vui lòng lấy ít nhất một chi tiết trước khi xuất.	g10_one_off_production
1	Please select Fabric Type and Marker Frame before confirming!	Vui lòng chọn Loại vải và KGSĐ trước khi xác nhận HTBC!	g10_veston_production
1	Please select Production Order and Component Category before loading data!	Vui lòng chọn Lệnh sản xuất và Loại thành phần trước khi lấy dữ liệu!	g10_veston_production
1	Please select a production order before updating lines.	Vui lòng chọn lệnh sản xuất trước khi cập nhật dòng.	g10_shirt_production
1	Please select at least one bundle number to load into supply lines!	Vui lòng chọn ít nhất một STT để đưa thông tin vào chi tiết cấp!	g10_veston_production
1	Please select at least one fabric roll.	Vui lòng chọn ít nhất một cuộn vải.	g10_stock
1	Please select at least one table before click Update!	Vui lòng chọn Bàn trước khi nhấn Cập nhật!	g10_veston_production
1	Please select both 'Date From' and 'Date To'.	Vui lòng chọn cả 'Từ ngày' và 'Đến ngày'.	g10_report
1	Please select fabric rolls for all lines.	Vui lòng chọn cuộn vải cho tất cả các dòng.	g10_stock
1	Please upload an Excel template file.	Vui lòng tải lên tệp mẫu Excel.	g10_one_off_production
1	Plies Qty	Số lá	g10_shirt_production
1	Popup Request Detail	Chi tiết phiếu yêu cầu	g10_stock
1	Popup Stock Request	Popup phiếu yêu cầu	g10_stock
1	Popup gộp phiếu trải vải	Popup gộp phiếu trải vải	g10_shirt_production
1	Post-Production Transfers	Điều chuyển tồn sau sản xuất	g10_stock
1	Pre-order	Đơn hàng	g10_stock
1	Preceding Cluster	Cụm SX trước	g10_master
1	Pressing Inspected	Đã kiểm là	g10_one_off_production
1	Pressing Inspection	Kiểm hóa Là	g10_shirt_production
1	Pressing Inspection Line	Chi tiết kiểm hóa Là	g10_shirt_production
1	Pressing Inspection Lines by Color	Dòng kiểm Là theo Màu	g10_veston_production
1	Pressing Inspection Num	Số kiểm hóa Là	g10_shirt_production
1	Pressing Inspection One Off Num	Số kiểm là đơn chiếc	g10_one_off_production
1	Pressing Inspection Returns	Kiểm hóa Là (hàng trả)	g10_veston_production
1	Pressing Inspection Veston	Kiểm Là Veston	g10_veston_production
1	Pressing Inspection Veston Detail	Chi tiết kiểm Là Veston	g10_veston_production
1	Pressing Inspection Veston Details	Chi tiết kiểm Là Veston	g10_veston_production
1	Pressing Inspection Veston Line	Chi tiết kiểm Là Veston	g10_veston_production
1	Pressing Inspection Veston Line by Color	Chi tiết kiểm Là Veston theo Màu	g10_veston_production
1	Pressing Inspection Veston Num	Số phiếu kiểm hóa Là Veston	g10_veston_production
1	Pressing Inspection Vestons	Kiểm Là Veston	g10_veston_production
1	Pressing Inspections Hybrid	Phiếu kiểm hóa Là	g10_hybrid_production
1	Pressing Inspections Veston	Kiểm Là Veston	g10_veston_production
1	Pressing Line	Chuyền là	g10_one_off_production
1	Pressing Production Final Detail	Chi tiết nhập hoàn thiện Là	g10_production
1	Pressing Production Final Veston	Nhập hoàn thiện Là	g10_veston_production
1	Pressing Production Final Veston Lines	Dòng hoàn thiện sản xuất Là Veston	g10_veston_production
1	Pressing Production Inspections	Kiểm hóa Là	g10_shirt_production
1	Pressing Production Quality	KCS Là	g10_shirt_production
1	Pressing Production Quality Line	Chi tiết KCS Là	g10_shirt_production
1	Pressing Quality	Chất lượng ép	g10_veston_production
1	Pressing Quality Pass Qty	SL KCS đạt Là	g10_shirt_production
1	Pressing Recheck	Recheck Là	g10_shirt_production
1	Pressing Recheck Line	Chi tiết Recheck	g10_shirt_production
1	Pressing Recheck Lines	Chi tiết Recheck	g10_shirt_production
1	Pressing Recheck Num	Số Recheck Là	g10_shirt_production
1	Pressing Recheck One Off Num	Số recheck là đơn chiếc	g10_one_off_production
1	Pressing Recheck Veston Line by Colors	Chi tiết Recheck Là theo Cỡ/Vóc	g10_veston_production
1	Pressing Recheck Veston Lines	Chi tiết Recheck Là	g10_veston_production
1	Pressing Recheck Veston Num	Số phiếu Recheck Là Veston	g10_veston_production
1	Pressing Rechecks	Recheck Là	g10_shirt_production
1	Pressing Rechecks Hybrid	Phiếu Recheck Là	g10_hybrid_production
1	Pressing Rechecks Veston	Recheck Là	g10_veston_production
1	Pressing Return	Hàng Là trả lại	g10_veston_production
1	Pressing Return Cutting Veston	Trả hàng Là về Cắt	g10_veston_production
1	Pressing Return Veston	Trả hàng Là	g10_veston_production
1	Pressing Return Veston Lines	Dòng trả hàng Là Veston	g10_veston_production
1	Pressing Return Vestons	Phiếu trả hàng Là	g10_veston_production
1	Pressing Returns Veston	Phiếu trả hàng Là	g10_veston_production
1	Pressing Supplied	Đã cấp là	g10_one_off_production
1	Pressing Supplies	Cấp chuyền Là	g10_shirt_production
1	Pressing Supplies Veston	Nhập tổ Là	g10_veston_production
1	Pressing Supplies for Returned Products	Cấp hàng trả từ Là	g10_shirt_production
1	Pressing Supply Line	Chi tiết cấp chuyền Là	g10_shirt_production
1	Pressing Supply Line Groups Veston	Nhóm dòng cấp Là Veston	g10_veston_production
1	Pressing Supply Line Return	Chi tiết cấp trả Là	g10_shirt_production
1	Pressing Supply Line Returns	Chi tiết cấp trả Là	g10_shirt_production
1	Pressing Supply Lines	Chi tiết cấp Là	g10_shirt_production
1	Pressing Supply Return	Cấp trả Là	g10_shirt_production
1	Pressing Supply Return Veston	Nhập tổ Là (hàng trả)	g10_veston_production
1	Pressing Supply Return Veston Lines	Chi tiết nhập tổ Là (hàng trả)	g10_veston_production
1	Pressing Supply Returns	Cấp trả Là	g10_shirt_production
1	Pressing Supply Veston	Cấp Là Veston	g10_veston_production
1	Pressing Supply Veston Details	Chi tiết cấp Là Veston	g10_veston_production
1	Pressing Supply Vestons	Cấp Là Veston	g10_veston_production
1	Pressing inspection Line	Chi tiết kiểm hóa công đoạn	g10_shirt_production
1	"Pressing production final quantities exceed their production line totals:
+ %s"	Số lượng lũy kế nhập hoàn thiện Là không được vượt quá tổng số lượng chi tiết lệnh.	g10_production
1	Pressing supply lines	Chi tiết cấp Là	g10_shirt_production
1	Pressing supply lines return	Chi tiết cấp trả Là	g10_shirt_production
1	Previous Elasticity 1	Độ dẻo trước đó 1	g10_stock
1	Previous Elasticity 2	Độ dẻo trước đó 2	g10_stock
1	Previous Sheet/Sample (JSON)	Ánh trước đó (JSON)	g10_stock
1	Previous Stages	Công đoạn trước	g10_master
1	Print Fabric Roll	In mã cuộn vải	g10_stock
1	Print Label	In mã cuộn vải	g10_stock
1	Print Page	Số trang in	g10_veston_production
1	Print Quantity Unit	Đơn vị in số lượng	g10_stock
1	Print Report	Ra phiếu cắt trực tiếp	g10_report
1	Printing	In	g10_production
1	Processing	Đang xử lý	g10_veston_production
1	Procurement Group	Nhóm mua sắm	g10_stock
1	Product %s does not have any component mapping.	Sản phẩm %s không có ánh xạ thành phần nào.	g10_one_off_production
1	Product 2	Sản phẩm 2	g10_one_off_production
1	Product Categories	Nhóm sản phẩm	g10_master
1	Product Categories Domain	Miền danh mục sản phẩm	g10_production
1	Product Category (Material)	Nhóm sản phẩm (NPL)	g10_miti_synchronization
1	Product Category (Style)	Nhóm sản phẩm (Style)	g10_miti_synchronization
1	Product Category Domain	Miền danh mục sản phẩm	g10_production
1	Product Cluster	Chuyền/Tổ sản xuất	g10_report
1	Product Color Codes	Mã màu	g10_master
1	Product Colors	Màu sản phẩm	g10_master
1	Product Component Categories	Danh mục thành phần sản phẩm	g10_veston_production
1	Product Data	Dữ liệu sản phẩm	g10_miti_synchronization
1	Product Domain	Miền sản phẩm	g10_production
1	Product Figures	Hệ sản phẩm	g10_master
1	Product Moves (Stock Move Line)	Điều chuyển sản phẩm (Dòng điều chuyển tồn kho)	g10_stock
1	Product Name 2	Tên sản phẩm 2	g10_one_off_production
1	Product Name 2 Length	Định mức sản phẩm 2	g10_one_off_production
1	Product Qty	Số lượng sản phẩm	g10_shirt_production
1	Product Quantity	Số lượng sản xuất	g10_production
1	Product Segment Group	Nhóm chủng loại	g10_master
1	Product Segment NPL	Chủng loại NPL	g10_stock
1	Product Size Display Format	Hiển thị Cỡ/Vóc	g10_master
1	Product Sizes	Cỡ sản phẩm	g10_master
1	Product Type	Chủng loại sản phẩm	g10_veston_production
1	Product is required to transfer scrap.	Không thể tạo phiếu điều chuyển khi thiếu Sản phẩm.	g10_shirt_production
1	Product segment NPL	Chủng loại NPL	g10_stock
1	Production Bundle Veston	Bọn	g10_veston_production
1	Production Bundle Veston Numbers	STT của Bọn Veston	g10_veston_production
1	Production Bundles Hybrid	Số bọn	g10_hybrid_production
1	Production Clusters	Cụm sản xuất	g10_master
1	Production Color	Màu sản xuất	g10_veston_production
1	Production Component Category	Nhóm Thành phần	g10_master
1	Production Components	Thành phần Áo/Quần	g10_master
1	Production Cutting Defect	Lỗi bàn Cắt	g10_master
1	Production Cutting Requests	Phiếu trải vải	g10_shirt_production
1	Production Cutting Requests Hybrid	Phiếu trải vải hỗn hợp	g10_hybrid_production
1	Production Detail	Chi tiết sản xuất	g10_one_off_production
1	Production Domain	Domain Lệnh SX	g10_shirt_production
1	Production Fabric	Loại vải	g10_master
1	Production Line Group Id Domain	Miền nhóm chi tiết lệnh SX	g10_veston_production
1	Production Line Groups	Chi tiết lệnh SX theo Cỡ/Vóc/Màu	g10_production
1	Production Material	NPL của Lệnh SX	g10_miti_synchronization
1	Production Material Color	Màu NPL SX	g10_production
1	Production Materials	NVL sản xuất	g10_veston_production
1	Production Name	Lệnh sản xuất	g10_veston_production
1	Production Operations	Sản xuất	g10_shirt_production
1	Production Pressing Unit	Đơn vị Là/Hoàn thiện	g10_production
1	Production Quantity - Cutting Stage	Ghi nhận sản lượng công đoạn cắt - Tổ trưởng	g10_shirt_production
1	Production Reference Document	Sở cứ tài liệu	g10_production
1	Production Remain	Hàng tồn sau sản xuất	g10_stock
1	Production Shifts	Ca sản xuất	g10_master
1	Production Stage	Công đoạn	g10_shirt_production
1	Production Stage Categories	Nhóm công đoạn	g10_master
1	Production Stage Category	Nhóm công đoạn	g10_master
1	Production Table Allocation Line	Chi tiết HTBC	g10_shirt_production
1	Production Table Allocation Line 	Chi tiết HTBC	g10_hybrid_production
1	Production Table Allocation Line Veston	Dòng phân bổ bàn sản xuất Veston	g10_veston_production
1	Production Tables	Bàn sản xuất	g10_master
1	Production Total Qty	Tổng số lượng sản xuất	g10_veston_production
1	Production Type	Loại hình SX	g10_production
1	Production Types	Loại hình SX	g10_production
1	Production Yield Report	Báo cáo năng suất sản lượng	g10_report
1	Production cluster	Cụm SX	g10_master
1	Production order must be in confirmed state.	Lệnh sản xuất phải ở trạng thái đã xác nhận.	g10_one_off_production
1	Production orders that have imported sewing supplies for the selected res production line.	Lệnh sản xuất có phiếu cấp May ở trạng thái đã Nhập của Chuyền/tổ SX đã chọn.	g10_shirt_production
1	Production outgoing picking type not found. Please check your configuration.	Không tìm thấy loại hoạt động xuất kho cho sản xuất. Vui lòng kiểm tra cấu hình của bạn.	g10_shirt_production
1	Production yield Report	Báo cáo năng suất sản lượng	g10_report
1	Productions	Lệnh SX	g10_shirt_production
1	Productivity	Năng suất	g10_shirt_production
1	Productivity Sheet	Phiếu báo năng suất CN-BP	g10_report
1	Productivity sheet	Phiếu báo năng suất CN-BP	g10_report
1	Products Domain	Miền sản phẩm	g10_production
1	Put in Pack	Đặt vào kiện	g10_stock
1	QA review	QA kiểm	g10_production
1	QMS Defect	Mã lỗi - QMS	g10_master
1	QMS Defect Area	Khu vực lỗi - QMS	g10_master
1	QMS Defect Category	Nhóm mã lỗi - QMS	g10_master
1	QMS Production Stage	Công đoạn sản xuất	g10_master
1	QMS Production Stage Category	Nhóm công đoạn sản xuất	g10_master
1	QMS Production Table	Bàn sản xuất	g10_master
1	QR Code	Mã QR	g10_stock
1	QR Link	Mã QR	g10_stock
1	Quality Confirmed	Đã xác nhận KCS	g10_hybrid_production
1	Quality Details	Chi tiết KCS	g10_production
1	Quality Tracking	Bảng theo dõi chất lượng từng cụm	g10_report
1	Quality Tracking Report	Bảng theo dõi chất lượng từng cụm	g10_report
1	Quality Tracking by Cluster	Bảng theo dõi chất lượng từng cụm	g10_report
1	Quantity (Y)	Số lượng(Y)	g10_stock
1	Quantity (kg)	Số lượng(kg)	g10_stock
1	Quantity (m)	Số lượng(m)	g10_stock
1	Quantity (metres)	Số lượng (mét)	g10_stock
1	Quantity (scrolls)	Số lượng (cuộn)	g10_stock
1	Quantity (y)	Số lượng (Y)	g10_stock
1	Quantity Delivered	SL đã giao	g10_stock
1	Quantity Delivery	SL đã giao	g10_stock
1	Quantity Difference	Chênh lệch	g10_stock
1	Quantity Done	SL đã nhận	g10_stock
1	Quantity Need	SL yêu cầu	g10_stock
1	Quantity Receipt	SL đã nhận	g10_stock
1	Quantity Receipted	SL đã nhận	g10_stock
1	Quantity Request	SL yêu cầu	g10_stock
1	Quantity delivered	SL đã xuất	g10_stock
1	Quantity delivery	SL đã xuất	g10_stock
1	Quantity for color %s exceeds the required quantity (%s).	Số lượng của màu %s vượt quá số lượng yêu cầu (%s).	g10_hybrid_production
1	Quantity for size/figure/color %s exceeds the required quantity (%s).	Số lượng của cỡ/vóc/màu %s vượt quá số lượng yêu cầu (%s).	g10_hybrid_production
1	Quantity in all lines must be greater than zero!	Số lượng ở các dòng chi tiết phải lớn hơn 0!	g10_veston_production
1	Quantity must be greater than zero!	Số lượng phải lớn hơn 0!	g10_veston_production
1	Quants	Quant	g10_stock
1	Quarter spreading	Trải lá 1/4	g10_veston_production
1	Quota	Định mức	g10_one_off_production
1	Quota to Cut	Định mức cần cắt	g10_one_off_production
1	Quotas	Định mức	g10_one_off_production
1	Re-sync production order lines	Đồng bộ lại SL lệnh SX	g10_miti_synchronization
1	Reality size	Cỡ thực tế	g10_veston_production
1	Receipt	Nhận hàng	g10_stock
1	Receive Lines	Chi tiết nhập	g10_hybrid_production
1	Receive Production Line	Chuyển/Tổ SX nhận	g10_veston_production
1	Receive Res Production Line	Chuyền/Tổ nhận	g10_veston_production
1	Received Qty	Số lượng đã nhận	g10_shirt_production
1	Received Rolls	Số cuộn đã nhận	g10_shirt_production
1	Receiver date	Ngày về hàng	g10_stock
1	Receiving Production Line	Chuyền/Tổ nhận	g10_veston_production
1	Recheck Details	Chi tiết Recheck	g10_production
1	Recheck Là	Recheck Là	g10_shirt_production
1	Recheck May	Recheck May	g10_shirt_production
1	Recheck Trả May	Recheck Trả May	g10_shirt_production
1	Record	Bản ghi	g10_production
1	Record Date	Ngày ghi nhận	g10_report
1	Record Defects	Ghi nhận lỗi	g10_stock
1	Record Model	Tên model	g10_production
1	Record defect	Ghi nhận lỗi	g10_stock
1	Record defect detail	Chi tiết không phù hợp	g10_stock
1	Recorded	Đã ghi nhận	g10_shirt_production
1	Records can only be deleted in Draft state.	Chỉ có thể xóa bản ghi ở trạng thái Nháp.	g10_stock
1	Reference must be unique per Customer and Company!	Tham chiếu phải là duy nhất cho mỗi Khách hàng và Công ty!	g10_master
1	Reflection	Ánh màu	g10_stock
1	Refuse	Từ chối	g10_shirt_production
1	Remaining Qty	SL còn tồn	g10_shirt_production
1	Remaining Quantity (m)	SL còn lại (m)	g10_stock
1	Report Action	Báo cáo tác vụ	g10_report
1	Report Cutting Productivity Record	Sổ năng suất tổ cắt	g10_report
1	Report Error Body	Báo cáo tổng hợp lỗi kiểm thân	g10_report
1	Report Error Detail	Báo cáo chi tiết lỗi	g10_report
1	Report Filter	Bộ lọc báo cáo	g10_report
1	Report In Out Goods Record	Sổ theo dõi giao nhận hàng	g10_report
1	Report Ironing Productivity Record	Sổ theo dõi năng suất tổ Là	g10_report
1	Report Production Yield	Báo cáo năng suất sản lượng	g10_report
1	Report Replace Panel Record	Sổ theo dõi thay thân đổi màu (TỔ CẮT)	g10_report
1	Request	Yêu cầu	g10_stock
1	Request Line	Chi tiết yêu cầu	g10_stock
1	Request Sewing Pilot	Yêu cầu may Pilot	g10_production
1	Request Unit of Measure	DVT	g10_stock
1	Request incoming form can only select one Invoice Number!	Phiếu yêu cầu nhập chỉ có thể chọn một mã Invoice	g10_stock
1	Request type	Loại yêu cầu	g10_stock
1	Requested Qty	Số lượng Cấp/Đổi/Vay	g10_shirt_production
1	Requester	Người yêu cầu	g10_stock
1	Required Qty	Số lượng yêu cầu	g10_veston_production
1	Res production cluster must belong to the selected production line.	Cụm SX phải thuộc chuyền sản xuất đã chọn.	g10_one_off_production
1	Res production line of creation user	Chuyền/Tổ SX của người tạo phiếu	g10_veston_production
1	Response Body	Nội dung phản hồi	g10_mattermost_integration
1	Response Code	Mã phản hồi	g10_mattermost_integration
1	Retry	Thử lại	g10_mattermost_integration
1	Retry Count	Số lần thử lại	g10_mattermost_integration
1	Return	Trả hàng	g10_veston_production
1	Return Lines	Dòng trả hàng	g10_veston_production
1	Return Type	Loại phiếu	g10_veston_production
1	Return type	Hàng trả	g10_veston_production
1	Returned	Đã trả từ May	g10_shirt_production
1	Roll Count	Số lượng cuộn	g10_stock
1	Rolls	Cuộn vải	g10_stock
1	Row %s	Dòng %s	g10_one_off_production
1	Row %s: Breakdown quantity (%s) and marker sample (%s) do not match at frame code '%s'.	Dòng %s: Số lượng phối kiện (%s) và số mẫu giác (%s) không khớp nhau tại sơ đồ '%s'.	g10_veston_production
1	Row %s: Color '%s' for product '%s' not found.	Dòng %s: Màu '%s' của sản phẩm '%s' không tồn tại.	g10_veston_production
1	Row %s: Fabric type '%s' not found.	Dòng %s: Loại vải '%s' không tồn tại.	g10_veston_production
1	Row %s: Invalid quantity for size '%s': %s. Expected an integer.	Dòng %s: Số lượng không hợp lệ cho cỡ '%s': %s. Dữ liệu phải là một số nguyên.	g10_veston_production
1	Row %s: Invalid value for '%s': %s. Expected a number.	Dòng %s: Giá trị không hợp lệ cho '%s': %s. Dữ liệu phải là một số.	g10_veston_production
1	Row %s: Invalid value for '%s': %s. Expected an integer.	Dòng %s: Giá trị không hợp lệ cho '%s': %s. Dữ liệu phải là một số nguyên.	g10_veston_production
1	Row %s: Invalid value for '%s': %s. Please check the selection options.	Dòng %s: Giá trị không hợp lệ cho '%s': %s. Vui lòng kiểm tra các lựa chọn.	g10_veston_production
1	Row %s: Marker Code '%s' and Color '%s' is duplicated within the Excel file.	Dòng %s: Marker Code '%s' và Màu '%s' bị trùng lặp trong file Excel.	g10_veston_production
1	Row %s: Marker Code '%s' and Color '%s' is in 'Confirm' state and cannot be updated.	Dòng %s: Mã sơ đồ '%s' và Màu '%s' đang ở trạng thái Xác nhận nên không thể cập nhật.	g10_veston_production
1	Row %s: Merged production '%s' not found.	Hàng %s: không tìm thấy lệnh gộp '%s'.	g10_veston_production
1	Rules	Quy tắc	g10_production
1	Sample Image	Ảnh mẫu	g10_veston_production
1	Sample Image URL	URL ảnh mẫu	g10_veston_production
1	Sample Qty	SL lấy mẫu	g10_shirt_production
1	Sample Quantity must be greater than 0 and Acceptable Defect Quantity must be non-negative!	Số lượng lấy mẫu phải > 0 và số lỗi chấp nhập phải >= 0!	g10_production
1	Score Assessment	Điểm đánh giá	g10_stock
1	Score Feedback	Điểm đánh giá	g10_stock
1	Scrap	Phế phẩm	g10_shirt_production
1	Scrap Quantity	Số lượng Phế phẩm	g10_shirt_production
1	Search Cutting Defects	Tìm kiếm lỗi bàn Cắt	g10_master
1	Search Defect Areas	Tìm kiếm Khu vực lỗi	g10_master
1	Search Defect Categories	Tìm kiếm Nhóm mã lỗi	g10_master
1	Search Defects	Tìm kiếm Mã lỗi	g10_master
1	Segment Group	Nhóm chủng loại	g10_master
1	Select	Chọn	g10_veston_production
1	Select Production Type	Lựa chọn loại hình SX	g10_production
1	Select Sub POs	Chọn Sub PO	g10_veston_production
1	Selected	Chọn	g10_stock
1	Selected Details	Chi tiết đã chọn	g10_one_off_production
1	Selected Sub POs must belong to the production lines of this production order!	Các Sub POs đã chọn không thuộc về các chi tiết lệnh SX của lệnh SX này!	g10_veston_production
1	Selected detail is already assigned to another one-off pressing supply!	Chi tiết được chọn đã được gán cho phiếu cấp là đơn chiếc khác!	g10_one_off_production
1	Selected detail is already assigned to another one-off stock import.	Chi tiết đã chọn đã được gán cho phiếu nhập kho đơn chiếc khác.	g10_one_off_production
1	Selected details are already assigned to another one-off sewing supply!	Các chi tiết được chọn đã được gán cho phiếu cấp may đơn chiếc khác!	g10_one_off_production
1	Selected details must match the header component categories!	Các chi tiết được chọn phải khớp với nhóm thành phần trên phiếu!	g10_one_off_production
1	Selected details must remain in pressing inspected state before confirmation.	Các chi tiết được chọn phải giữ trạng thái đã kiểm là trước khi xác nhận.	g10_one_off_production
1	Selected details must remain in sewing inspected state before import.	Các chi tiết được chọn phải giữ trạng thái đã kiểm may trước khi nhập.	g10_one_off_production
1	Selected details must still be in draft state!	Các chi tiết được chọn vẫn phải ở trạng thái nháp!	g10_one_off_production
1	Semi Product	Bán thành phẩm	g10_master
1	Send Sample	Gửi mẫu	g10_mattermost_integration
1	Sent	Đã gửi	g10_mattermost_integration
1	Sequence Numbers Hybrid	Số thứ tự	g10_hybrid_production
1	Server Url	URL máy chủ	g10_mattermost_integration
1	Service Conversion	Điều chuyển phân bổ	g10_stock
1	Service Conversion Lines	Dòng Điều chuyển phân bổ	g10_stock
1	Service Conversion Lines for Stock Picking	Xuất kho chuyển mục đích	g10_stock
1	Set	Bộ	g10_veston_production
1	Settings	Cấu hình	g10_production
1	Sewing Imported	Đã nhập May	g10_veston_production
1	Sewing Inspected	Đã kiểm may	g10_one_off_production
1	Sewing Inspection After Washing Hybrid Num	Số thứ tự Kiểm hóa May sau Giặt	g10_hybrid_production
1	Sewing Inspection Before Washing	Kiểm hóa may trước giặt	g10_hybrid_production
1	Sewing Inspection Hybrid Detail	Chi tiết kiểm hóa May Hybrid	g10_hybrid_production
1	Sewing Inspection Hybrid Details	Chi tiết kiểm hóa May Hybrid	g10_hybrid_production
1	Sewing Inspection Hybrid Line	Chi tiết kiểm hóa May Hybrid theo Ca	g10_hybrid_production
1	Sewing Inspection Hybrid Line by Color	Chi tiết kiểm hóa May Hybrid theo Màu	g10_hybrid_production
1	Sewing Inspection Hybrid Num	Số phiếu kiểm hóa May Hybrid	g10_hybrid_production
1	Sewing Inspection Line Return	Chi tiết kiểm hóa trả May	g10_shirt_production
1	Sewing Inspection Lines by Color	Chi tiết kiểm hóa theo Màu	g10_hybrid_production
1	Sewing Inspection Num	Số kiểm hóa May	g10_shirt_production
1	Sewing Inspection One Off Num	Số phiếu kiểm may đơn chiếc	g10_one_off_production
1	Sewing Inspection Returns	Kiểm hóa trả May	g10_shirt_production
1	Sewing Inspection Veston Num	Số phiếu kiểm hóa May Veston	g10_veston_production
1	Sewing Inspection Vestons	Kiểm May Veston	g10_veston_production
1	Sewing Inspections After Washing Hybrid	Kiểm hóa May sau Giặt Hỗn hợp	g10_hybrid_production
1	Sewing Inspections Hybrid	Kiểm hóa May Hỗn hợp	g10_hybrid_production
1	Sewing Inspections Veston	Kiểm hóa May	g10_veston_production
1	Sewing Line Supply Hybrid	Chi tiết cấp May Hỗn hợp	g10_hybrid_production
1	Sewing Line Supply Veston	Chi tiết cấp May Veston	g10_veston_production
1	Sewing Production Quality	KCS May	g10_shirt_production
1	Sewing Production Quality Hybrid	KCS May	g10_hybrid_production
1	Sewing Production Quality Hybrid Line	Chi tiết KCS May Hybrid	g10_hybrid_production
1	Sewing Production Quality Line	Chi tiết KCS May	g10_shirt_production
1	Sewing Productivity Lines	Chi tiết năng suất tổ May	g10_shirt_production
1	Sewing Productivity Report	Báo cáo Sổ năng suất tổ may	g10_report
1	Sewing Recheck	Recheck May	g10_shirt_production
1	Sewing Recheck After Washing Hybrid Num	Số thứ tự Recheck May sau Giặt	g10_hybrid_production
1	Sewing Recheck Hybrid Lines	Chi tiết Recheck May Hybrid	g10_hybrid_production
1	Sewing Recheck Hybrid Num	Số phiếu Recheck May Hybrid	g10_hybrid_production
1	Sewing Recheck Line	Chi tiết Recheck	g10_shirt_production
1	Sewing Recheck Lines	Chi tiết Recheck	g10_shirt_production
1	Sewing Recheck Num	Số Recheck May	g10_shirt_production
1	Sewing Recheck One Off Num	Số phiếu recheck may đơn chiếc	g10_one_off_production
1	Sewing Recheck Return	Recheck trả May	g10_shirt_production
1	Sewing Recheck Veston Lines	Chi tiết recheck theo công đoạn	g10_veston_production
1	Sewing Recheck Veston Num	Số phiếu Recheck May Veston	g10_veston_production
1	Sewing Rechecks After Washing Hybrid	Recheck May sau Giặt Hỗn hợp	g10_hybrid_production
1	Sewing Rechecks Hybrid	Recheck May Hỗn hợp	g10_hybrid_production
1	Sewing Rechecks Veston	Recheck May	g10_veston_production
1	Sewing Return	Hàng May trả lại	g10_veston_production
1	Sewing Return Recheck Num	Số Recheck trả May	g10_shirt_production
1	Sewing Return Veston	Trả Hàng May	g10_veston_production
1	Sewing Return to Cutting Veston Line	Chi tiết Trả hàng May về Cắt Veston	g10_veston_production
1	Sewing Sleeve	May bác tay	g10_shirt_production
1	Sewing Supplies Veston	Cấp May	g10_veston_production
1	Sewing Supply	Phiếu cấp chuyền May	g10_shirt_production
1	Sewing Supply Line	Chi tiết cấp chuyền May	g10_shirt_production
1	Sewing Supply Line Hybrid	Chi tiết cấp May Hỗn hợp	g10_hybrid_production
1	Sewing Supply Line Return	Chi tiết cấp trả May	g10_shirt_production
1	Sewing Supply Line Returns	Chi tiết cấp trả May	g10_shirt_production
1	Sewing Supply Line Veston	Chi tiết cấp May Veston	g10_veston_production
1	Sewing Supply Lines	Chi tiết Cấp May	g10_shirt_production
1	Sewing Supply Return	Trả hàng May	g10_shirt_production
1	Sewing Supply Return By Bundle Number Veston Line Groups	Nhóm dòng trả cấp May theo số Bọn Veston	g10_veston_production
1	Sewing Supply Return Veston	Nhập May (hàng trả)	g10_veston_production
1	Sewing Supply Return Veston Line	Chi tiết nhập May (hàng trả)	g10_veston_production
1	Sewing Supply Returns	Trả hàng May	g10_shirt_production
1	Sewing Supply Vestons	Cấp May Veston	g10_veston_production
1	Sewing inspection Line	Chi tiết kiểm hóa May	g10_shirt_production
1	Sewing inspection Line return	Chi tiết kiểm hóa trả May	g10_shirt_production
1	Sewing recheck line return	Recheck trả hàng May	g10_shirt_production
1	Sewing recheck returns	Recheck trả May	g10_shirt_production
1	Sewing supply %s is the first supply of its production order. Open its form and confirm the sewing inspection question before importing.	Phiếu cấp may %s là phiếu đầu tiên của lệnh sản xuất. Mở phiếu và xác nhận câu hỏi kiểm hóa may trước khi nhập.	g10_hybrid_production
1	Sewing supply lines return	Chi tiết cấp trả May	g10_shirt_production
1	Sheet Name	Tên sheet	g10_one_off_production
1	Short Name	Tên viết tắt	g10_master
1	Shrinkage Grouping	Gộp độ co	g10_stock
1	Signature	Chữ ký	g10_master
1	Size Name	Tên cỡ sản phẩm	g10_master
1	Size Qty	Phối kiện	g10_veston_production
1	Size Sequence	STT cỡ sản phẩm	g10_master
1	Size-Figure	Vóc-Cỡ	g10_master
1	Sleeve Lining	Vải lót tay	g10_one_off_production
1	Sleeve Lining Fabric Code	Mã vải lót tay	g10_one_off_production
1	Sleeve Lining Length	Định mức lót tay	g10_one_off_production
1	Solution	Biện pháp xử lý	g10_stock
1	Some bundle numbers are not in Cutting Returned state!	Một số STT không ở trạng thái đã trả Cắt!	g10_veston_production
1	Some bundles are not in draft state, cannot set to draft!	Một số bó vải không ở trạng thái nháp, không thể đặt lại nháp!	g10_hybrid_production
1	Some cutting inspections are not in draft state, cannot set to draft!	Một số phiếu kiểm hóa cắt không ở trạng thái nháp, không thể đặt lại nháp!	g10_hybrid_production
1	Some cutting productions are not in draft state, cannot cancel the cutting table allocation!	Một số Phiếu trải vải không ở trạng thái nháp, không được phép hủy phiếu Hạch toán bàn cắt!	g10_shirt_production
1	Some cutting productions veston are not in draft state, cannot cancel the cutting table allocation!	Một số phiếu trải vải không ở  trạng thái Nháp, không thể hủy phiếu HTBC!	g10_veston_production
1	Some material colors are assigned incorrectly. Please review the details in the Material Colors & Tables tab!	Một số màu NPL không đúng. Vui lòng kiểm tra lại thông tin trong tab Màu NPL & Bàn!	g10_veston_production
1	Source Location	Vị trí nguồn	g10_stock
1	Special TB	TB đặc biệt	g10_production
1	Split	Tách	g10_stock
1	Split Package	Tách cuộn	g10_stock
1	Split Quantity (m)	SL cần tách (m)	g10_stock
1	Split package	Tách cuộn	g10_stock
1	Spreading Details	Chi tiết trải vải	g10_one_off_production
1	Spreading Fabric Details	Chi tiết trải Vải	g10_shirt_production
1	Stage	Công đoạn	g10_report
1	Stage Category Name	Tên Nhóm công đoạn	g10_master
1	Stage Category Sequence	Trình tự Nhóm công đoạn	g10_master
1	Stage Inspection Count	Số phiếu Kiểm hóa	g10_shirt_production
1	Stage Name	Tên công đoạn	g10_master
1	Stage Production Quality	Phiếu KCS	g10_production
1	Stage Production Quality Line	Chi tiết KCS công đoạn	g10_production
1	Stage Recheck Line	Chi tiết recheck theo công đoạn	g10_production
1	Stage Recheck Lines	Chi tiết recheck theo công đoạn	g10_production
1	Stage Sequence	Trình tự công đoạn	g10_master
1	Stage inspection	Kiểm hóa theo công đoạn	g10_shirt_production
1	Start Date	Ngày bắt đầu	g10_report
1	Start Quantity	Từ	g10_production
1	Start Quantity must be less than End Quantity!	Từ phải nhỏ hơn Đến!	g10_production
1	Start Time	Giờ bắt đầu	g10_master
1	Start and End Quantity must be greater than 0!	Từ và Đến phải > 0!	g10_production
1	Start and End Quantity ranges must not overlap with existing lines for the same AQL Rule.	Khoảng số Từ và Đến không được chồng chéo với nhau trong cùng một  Quy tắc AQL.	g10_production
1	Start number must be greater than 0!	Số bắt đầu phải lớn hơn 0!	g10_veston_production
1	Stock Finished Product Export Line	Dòng xuất kho thành phẩm	g10_veston_production
1	Stock Finished Product Import Line	Dòng nhập kho thành phẩm	g10_veston_production
1	Stock Finished Product Inspection	Kiểm hóa kho thành phẩm	g10_veston_production
1	Stock Finished Product Inspection Line	Chi tiết Kiểm hóa kho thành phẩm	g10_veston_production
1	Stock Import	Nhập kho	g10_one_off_production
1	Stock Move	Điều chuyển tồn kho	g10_stock
1	Stock Picking Type	Kiểu hoạt động kho	g10_miti_synchronization
1	Stock Pickings	Phiếu xuất kho	g10_one_off_production
1	Stock Quant Packages	Kiện hàng	g10_stock
1	Stock Request	Phiếu yêu cầu	g10_stock
1	Stock Request Incoming	Phiếu yêu cầu nhập	g10_stock
1	Stock Request Outgoing	Phiếu yêu cầu xuất	g10_stock
1	Stock Request Outgoing Production	Phiếu yêu cầu sản xuất	g10_stock
1	Stock Requests Out Production to Combine	Gộp phiếu xuất sản xuất	g10_stock
1	Stock request out production combine	Gộp phiếu xuất sản xuất	g10_stock
1	Stone Washing	Giặt mài	g10_production
1	Stretch Horizontal After 8h	Độ co ngang (Sau 8h)	g10_stock
1	Stretch Vertical After 8h	Độ co dọc (Sau 8h)	g10_stock
1	Striped/Plaid	Kẻ sọc/carô	g10_one_off_production
1	Style Code	Mã hàng	g10_stock
1	Style name	Tên Style	g10_master
1	Sub PO	Sub PO	g10_shirt_production
1	Sub POs are required when Allocation By is Sub PO!	Sub POS là bắt buộc khi chọn Hạch toán theo Sub PO!	g10_veston_production
1	Sub Pre Orders	Sub PO	g10_master
1	Success	Thành công	g10_stock
1	Supplied quantity for component category '%(category)s' (%(supplied)s) cannot exceed the production detail quantity (%(max)s)!	Số lượng cấp cho thành phần '%(category)s' (%(supplied)s) không được vượt quá số lượng chi tiết (%(max)s)!	g10_one_off_production
1	Supplier	Nhà cung cấp	g10_stock
1	Supply State	Trạng thái cấp	g10_one_off_production
1	Supply quantity must be greater than zero.	Số lượng cấp phải lớn hơn 0.	g10_one_off_production
1	Sync	Đồng bộ	g10_miti_synchronization
1	Sync Data Miti	Đồng bộ Miti	g10_miti_synchronization
1	Sync From Miti	Đồng bộ dữ liệu Miti	g10_miti_synchronization
1	Sync State	Trạng thái đồng bộ	g10_production
1	Sync production data from Miti	Đồng bộ lệnh SX từ Miti	g10_miti_synchronization
1	Sync stock data from Miti	Đồng bộ dữ liệu kho từ Miti	g10_miti_synchronization
1	Synced	Đã đồng bộ	g10_production
1	Synchronize State	Trạng thái đồng bộ	g10_production
1	Synchronize master data and production data from Miti SQL Server	Đồng bộ dữ liệu cơ sở và thông tin lệnh sản xuất từ Miti SQL Server	g10_miti_synchronization
1	Sản lượng Cắt - Tổ trưởng	Chi tiết Ghi nhận sản lượng cắt	g10_shirt_production
1	Table Name	Bàn sản xuất	g10_master
1	Table Number	Số bàn	g10_shirt_production
1	Table is required in all lines!	Thiếu thông tin Số bàn trên một số dòng chi tiết!	g10_veston_production
1	Table name must be unique per Production Cluster!	Bàn sản xuất phải là duy nhất trong một Cụm sản xuất!	g10_master
1	Target	Đối tượng	g10_master
1	Template File Name	Tên file gốc	g10_veston_production
1	Temporary Location Destination	Vị trí dự kiến hàng về	g10_stock
1	Test Connection	Kiểm tra kết nối	g10_mattermost_integration
1	The 'Date From' cannot be later than 'Date To'.	Từ ngày phải lớn hơn hoặc bằng Đến ngày.	g10_report
1	The Color must be unique for each document.	Màu phải là duy nhất trong mỗi đầu phiếu.	g10_veston_production
1	The Id Miti must be unique per category	ID Miti phải là duy nhất trong từng nhóm sản phẩm	g10_miti_synchronization
1	The Id Miti must be unique!	ID Miti phải là duy nhất!	g10_miti_synchronization
1	The Pressing supply quantity exceeds the Sewing inspection pass qty for production order %s	Số lượng Phát hàng Là vượt quá số lượng kiểm hóa đạt May cho lệnh SX %s	g10_shirt_production
1	The Production Line must be unique per date!	Mỗi Chuyền/Tổ chỉ được phép tạo một lần trong ngày!	g10_production
1	The STT must be unique for each document.	STT phải là duy nhất trong một phiếu.	g10_veston_production
1	The accumulated exported quantity (%s) must not exceed the required quantity (%s) for group %s (Sub POs: %s).	Số lượng lũy kế đã xuất (%s) không được vượt quá số lượng yêu cầu (%s) của nhóm %s (Sub PO: %s).	g10_veston_production
1	The accumulated exported quantity (%s) must not exceed the required quantity (%s) for group %s.	Số lượng lũy kế đã xuất (%s) không được vượt quá số lượng yêu cầu (%s) của nhóm %s.	g10_veston_production
1	The accumulated imported quantity (%s) must not exceed the required quantity (%s) for group %s (Sub POs: %s).	Số lượng lũy kế đã nhập (%s) không được vượt quá số lượng yêu cầu (%s) của nhóm %s (Sub PO: %s).	g10_veston_production
1	The accumulated imported quantity (%s) must not exceed the required quantity (%s) for group %s.	Số lượng lũy kế đã nhập (%s) không được vượt quá số lượng yêu cầu (%s) của nhóm %s.	g10_veston_production
1	The accumulated pressing production final quantity (%s) must not exceed the total quantity (%s) for color %s.	Số lượng lũy kế nhập hoàn thiện Là (%s) không được vượt quá tổng số lượng (%s) của Màu %s.	g10_veston_production
1	The allocation quantity for each color and size must be matched with the production line total quantity!	Số lượng hạch toán cho Màu và Vóc/Cỡ phải bằng với tổng số lượng của chi tiết lệnh SX tương ứng!	g10_veston_production
1	The allocation quantity for sample cannot exceed the total qty of production line!	Số lượng hạch toán mẫu không được vượt quá số lượng của chi tiết lệnh SX!	g10_veston_production
1	The body-change record %s is already confirmed and cannot be updated!	Phiếu thay thân %s đã được xác nhận và không thể cập nhật!	g10_veston_production
1	The brand name must be unique per partner!	Tên Brand phải là duy nhất cho mỗi Khách hàng!	g10_master
1	The bundle %s already exists in multiple sewing supply lines.	Bọn %s đã tồn tại trong nhiều phiếu cấp chuyền May.	g10_shirt_production
1	The bundle %s is returned more than the total supplied.	Bọn %s được trả nhiều hơn tổng số lần đã cấp.	g10_shirt_production
1	The bundle number must be unique for each document.	STT phải là duy nhất trong mỗi đầu phiếu.	g10_veston_production
1	The color, res production line, res production cluster must be unique per Pressing supply return!	Chi tiết lệnh SX, Chuyền/Tổ SX, Cụm SX phải là duy nhất trong một phiếu Cấp trả Là!	g10_shirt_production
1	The combination of Inspector, Production shift and Date must be unique!	Tổ hợp Người kiểm hóa, Ca SX và Ngày phải là duy nhất!	g10_production
1	The combination of Production Order, Color, Size must be unique for each production line group.	Tổ hợp Lệnh Sx, Màu, Cỡ/Võ phải là duy nhất trong chi tiết lệnh sản xuất.	g10_production
1	The combination of Production Order, Color, Size, and Sub PO must be unique for each production line.	Tổ hợp Lệnh SX, Màu, Cỡ/vóc và Sub PO phải là duy nhất cho chi tiết lệnh SX.	g10_production
1	The combination of size, color, and Sub POs must be unique per production order for non-sample allocations!	Tổ hợp Cỡ/Vóc, Màu và Sub POs là duy nhất trong một lệnh SX!	g10_veston_production
1	The defect area name must be unique per company!	Khu vực lỗi phải là duy nhất theo mỗi công ty!	g10_master
1	The defect category code must be unique per company!	Tên Nhóm mã lỗi phải là duy nhất!	g10_master
1	The defect code must be unique per company!	Mã lỗi phải là duy nhất!	g10_master
1	The defect name must be unique per company!	Tên lỗi phải là duy nhất!	g10_master
1	The entered quantity (%s) exceeds the available quantity in the package (%s).	Số lượng nhập vào (%s) vượt quá số lượng tồn trong kiện hàng (%s).	g10_stock
1	The exported quantity for color '%s' (%s) exceeds the quantity supplied to sewing (%s).	Số lượng xuất cho màu '%s' (%s) vượt quá số lượng đã cấp may (%s).	g10_hybrid_production
1	The exported quantity of pressing supply cannot exceed the imported quantity of sewing supply return!	Số lượng đã Xuất của Cấp Là không được vượt quá số lượng đã Nhập của Cấp trả Là!	g10_shirt_production
1	The exported quantity of pressing supply cannot exceed the imported quantity of sewing supply!	Số lượng đã Xuất của Cấp Là không được vượt quá số lượng đã Nhập của Cấp May!	g10_shirt_production
1	The exported quantity of pressing supply cannot exceed the inspected quantity of sewing production quality for production order %s, color %s.	Số lượng xuất của Cấp Là không được vượt quá số lượng đã kiểm KCS May cho lệnh SX %s, màu %s.	g10_shirt_production
1	The exported quantity of pressing supply for returned supply cannot exceed the accumulated sewing inspection return for production order %s.	Số lượng đã Xuất của Cấp Là với các phiếu là Cấp hàng đã sửa Là không được vượt quả số lượng Đã kiểm trả May cho lệnh SX %s.	g10_shirt_production
1	The following bundle numbers are already included in other return documents and not imported yet: %s	Các STT sau đã có trong một số phiếu trả May khác và chưa được nhập: %s	g10_veston_production
1	The following groups do not belong to the selected Sub POs: %s. Please remove these lines before exporting.	Các dòng chi tiết sau không thuộc về các Sub PO đã chọn: %s. Vui lòng xóa các dòng này trước khi xuất.	g10_veston_production
1	The import template does not contain any data rows.	Mẫu nhập không chứa dòng dữ liệu nào.	g10_one_off_production
1	The import template must contain at least %s columns.	Mẫu nhập phải có ít nhất %s cột.	g10_one_off_production
1	The latest shift of the day	Ca cuối cùng trong ngày	g10_master
1	The marker sample quantity must be equal to the total quantity of sizes detail for fabric type %s in marker frame line %s!	Số lượng mẫu giác phải bằng với tổng số lượng chi tiết cỡ cho loại vải %s trong dòng chi tiết KGSĐ %s!	g10_veston_production
1	The marker sample quantity must be equal to the total quantity of sizes detail in marker frame lines: %s	Số lượng mẫu giác phải bằng với tổng số lượng phối kiện theo Cỡ/Vóc trong chi tiết KGSĐ: %s	g10_veston_production
1	The material color must be unique per frame marker detail!	Màu NPL phải là duy nhất cho mỗi chi tiết KGSĐ!	g10_veston_production
1	The ply qty of sequence number must be greater than zero!	Số lượng lá của số thứ tự phải lớn hơn 0!	g10_veston_production
1	The production cluster of sewing supply must match the production cluster of garment parts in selected bundle details!	Cụm SX trong phiếu cấp May và trong chi tiết Áo/Quần phải giống nhau!	g10_veston_production
1	The production line group must belong to the same production order as the inspection.	Nhóm chi tiết lệnh SX phải thuộc cùng lệnh sản xuất với phiếu kiểm.	g10_veston_production
1	The production line must belong to the same production order!	Dòng lệnh SX phải thuộc về lệnh SX tương ứng!	g10_production
1	The quantity must be greater than 0!	Số lượng phải lớn hơn 0!	g10_shirt_production
1	The quantity must be greater than 0.	Số lượng phải lớn hơn 0.	g10_production
1	The quantity must be greater than zero!	Số lượng phải lớn hơn 0!	g10_shirt_production
1	The quantity must be greater than zero.	Số lượng phải lớn hơn 0.	g10_veston_production
1	The quantity must be positive!	Số lượng phải > 0!	g10_shirt_production
1	The quantity of pressing supply return must be less than or equal to the quantity of pressing supply!	Số lượng Cấp trả Là phải nhỏ hơn hoặc bằng số lượng đã Cấp chuyền Là!	g10_shirt_production
1	The quantity to be checked must not exceed the pass quantity!	Số lượng kiểm không được vượt quá Số lượng lũy kế đạt!	g10_production
1	The receive quantity for '%s' (%s) exceeds the washing supply quantity (%s).	Số lượng nhập về may cho '%s' (%s) vượt quá số lượng đã cấp giặt (%s).	g10_hybrid_production
1	The receive quantity for color '%s' (%s) exceeds the washing supply quantity (%s).	Số lượng nhập về may cho màu '%s' (%s) vượt quá số lượng đã cấp giặt (%s).	g10_hybrid_production
1	The return quantity for color %s exceeds the available supply quantity.	Số lượng trả cho Màu %s vượt quá số lượng đã cấp Là.	g10_veston_production
1	The same color cannot be added multiple times in the same pressing production final.	Mỗi màu chỉ được chọn một lần trong phiếu nhập hoàn thiện Là.	g10_veston_production
1	The same one-off detail cannot be selected more than once in the same sewing supply!	Không thể chọn cùng một chi tiết đơn chiếc nhiều hơn một lần trong cùng một phiếu cấp may!	g10_one_off_production
1	The same one-off production detail cannot be linked twice to the same inspection!	Không thể liên kết cùng một chi tiết sản xuất đơn chiếc hai lần trong cùng một phiếu kiểm!	g10_one_off_production
1	The same production line cannot be added multiple times in the same pressing production final.	Một dòng chi tiết lệnh SX không thể được thêm nhiều lần trong một phiếu Nhập hoàn thiện Là.	g10_production
1	"The selected bundle must be in the ""Confirm"" state."	Các Bọn được chọn phải ở trạng thái 'Xác nhận'.	g10_shirt_production
1	The selected color %s is not belong to the product %s in marker frame line %s!	Màu %s không thuộc về sản phẩm %s trong chi tiết khung giác sơ đồ %s!	g10_veston_production
1	The selected color does not belong to the specified production order' product.	Màu đã chọn không thuộc về sản phẩm của lệnh SX tương ứng.	g10_shirt_production
1	The selected defect area is not available for this one-off recheck cluster.	Khu vực lỗi được chọn không khả dụng cho cụm recheck đơn chiếc này.	g10_one_off_production
1	The selected defect area is not belong to the Style!	Khu vực kiểm hóa đã chọn không thuộc về khu vực kiểm hóa được cấu hình trong Style!	g10_production
1	The selected detail does not belong to the selected company.	Chi tiết đã chọn không thuộc công ty đã chọn.	g10_one_off_production
1	The selected detail does not belong to the selected production order.	Chi tiết được chọn không thuộc lệnh sản xuất đã chọn.	g10_one_off_production
1	The selected detail does not match the selected component category.	Chi tiết được chọn không khớp với nhóm thành phần đã chọn.	g10_one_off_production
1	The selected operation line does not belong to the selected production order!	Mã công đoạn được chọn không thuộc lệnh sản xuất đã chọn!	g10_one_off_production
1	The selected product was not supplied to your production line.	Sản phẩm đã chọn không được cấp cho Chuyền/Tổ của bạn.	g10_veston_production
1	The selected production cluster does not belong to the current production line.	Cụm SX phải thuộc về Chuyền/Tổ SX tương ứng.	g10_shirt_production
1	The selected production line does not belong to the specified production order.	Dòng lệnh SX đã chọn không thuộc về lệnh SX tương ứng.	g10_shirt_production
1	The selected production order %s is not belong to the product %s in marker frame %s!	Lệnh sản xuất %s không thuộc về sản phẩm %s trong khung giác sơ đồ %s!	g10_veston_production
1	The selected production order was not supplied to your production line.	Lệnh sản xuất đã chọn không được cấp cho Chuyền/Tổ của bạn.	g10_veston_production
1	The selected production type is not allowed for this production.	Loại hình SX đã chọn không phù hợp với lệnh SX này.	g10_production
1	The selected sheet does not contain import data.	Sheet được chọn không chứa dữ liệu nhập.	g10_one_off_production
1	The selected size %s is not belong to the product %s!	Cỡ %s không thuộc về sản phẩm %s!	g10_veston_production
1	The selected size %s is not belong to the production or merged productions!	Không tìm thấy cỡ %s trong lệnh SX hoặc lệnh gộp!	g10_veston_production
1	The sewing quality check quantity for production %s and color %s exceeds the sewing supplied quantity.	Số lượng kiểm KCS May cho lệnh SX %s , màu %s vượt quá số lượng đã cấp May.	g10_shirt_production
1	The stage category sequence must be unique!	Trình tự nhóm công đoạn phải là duy nhất!	g10_master
1	The sum of pass and fail quantity must be equal to the total quantity.	Tổng cột số lượng Đạt và Không đạt không được vượt quá cột Số lượng.	g10_production
1	The supply quantity for color %s exceeds the returned quantity.	Số lượng cấp cho Màu %s vượt quá số lượng đã trả.	g10_veston_production
1	The total allocated quantity for fabric %s and figure (%s) does not match the total quantity of the production lines with the corresponding figure!	Tổng số lượng phân bổ cho vải %s và vóc (%s) không khớp với tổng số lượng các dòng sản xuất có vóc tương ứng!	g10_veston_production
1	The total allocated quantity for fabric %s and sizes (%s) does not match the total quantity of the production lines with the corresponding sizes!	Tổng số lượng hạch toán cho loại vải %s và vóc/cỡ (%s) không khớp với tổng số số lượng của các chi tiết lệnh SX có vóc/cỡ tương ứng!	g10_veston_production
1	The total allocated quantity for fabric %s does not match the total quantity of the production lines with the corresponding sizes!	Tổng số lượng hạch toán cho loại vải %s không khớp với tổng số lượng của các chi tiết lệnh SX với Cỡ/Vóc tương ứng!	g10_veston_production
1	The total allocation quantity (%s) for fabric '%s' exceeds the production order quantity (%s)!	Tổng số lượng hạch toán (%s) cho loại vải '%s' vượt quá số lượng của Lệnh SX  (%s)!	g10_veston_production
1	The total confirmed export quantity (%s) must not exceed the imported quantity (%s) for production order %s.	Tổng số lượng xuất (%s) không được vượt quá tổng số lượng nhập (%s) cho lệnh SX %s.	g10_veston_production
1	The total number of qualified items is	Tổng số lượng đạt đang nhỏ hơn	g10_production
1	The total passed qty of the sewing inspection for this production order & production cluster.	Tổng số lượng Đạt trong phiếu kiểm May cho lệnh SX và cụm SX này.	g10_veston_production
1	The total quantity of child bundles must not exceed the quantity of the parent bundle!	Tổng số lượng của các Bọn con không được lớn hơn số lượng của Bọn cha!	g10_shirt_production
1	The total quantity of production line must be greater than zero!	Tổng số lượng của chi tiết lệnh SX phải lớn hơn 0!	g10_shirt_production
1	The total selected detail quantity must match the supply quantity.	Tổng số lượng chi tiết được chọn phải khớp với số lượng cấp.	g10_one_off_production
1	There are overlapping start number: %s and end number: %s  for allocation type '%s'!	Chồng chéo số bắt đầu: %s và số kết thúc: %s trong Hạch toán cho '%s'!	g10_veston_production
1	There is already a Cutting Inspection Post Pressing Detail for the same production order with the same inspection date!	Đã tồn tại một phiếu Kiểm ép sau cắt chi tiết cho lệnh SX này với cùng ngày kiểm hóa!	g10_veston_production
1	There is already a main fabric cutting table allocation in draft state for this production order!	Đã tồn tại một phiếu HTBC Vải chính ở trạng thái Nháp cho Lệnh sản xuất này!	g10_veston_production
1	There is an existing one-off pressing recheck for this inspection detail!	Đã tồn tại phiếu recheck là đơn chiếc cho chi tiết kiểm này!	g10_one_off_production
1	There is an existing one-off sewing recheck for this inspection detail!	Đã tồn tại phiếu recheck may đơn chiếc cho chi tiết kiểm này!	g10_one_off_production
1	There is an existing sewing recheck for this bundle number!	Đã tồn tại một phiếu Recheck May cho STT này!	g10_veston_production
1	There is no information for allocation priority!	Không có thông tin cho thứ tự ưu tiên hạch toán!	g10_veston_production
1	There is no previous allocation for some production lines, cannot fulfill start/end number with gap!	Không thể tính toán số bắt đầu/kết thúc giảm lệnh vì không có thông tin hạch toán của lần gần nhất trước đó!	g10_veston_production
1	There is no scrap quantity to transfer.	Không có số lượng cần điều chuyển.	g10_shirt_production
1	This field is used to specify the actual bundle that will be supplied.	Trường này dùng để chỉ định Bọn thực tế sẽ được cấp.	g10_shirt_production
1	This line has already been confirmed!	Dòng chi tiết này đã được xác nhận!	g10_veston_production
1	This note is only for internal purposes.	Ghi chú nội bộ.	g10_master
1	This package is not a split package (no parent found).	Kiện hàng này không phải là kiện đã tách (không tìm thấy kiện cha).	g10_stock
1	This picking has no fabric rolls to assign a color reflection.	Phiếu này không có cuộn vải nào để gán ánh màu.	g10_stock
1	To Date	Tới ngày	g10_report
1	To use API Token authentication, enter the server URL, access token, and channel ID.	Để sử dụng xác thực API Token, hãy nhập URL máy chủ, access token và ID kênh.	g10_mattermost_integration
1	Total Allocation Qty	Số lượng hạch toán	g10_shirt_production
1	Total Exported	Tổng số lượng xuất	g10_veston_production
1	Total Fabric Roll	Tổng số kiện	g10_stock
1	Total Import	Tổng số lượng nhập	g10_veston_production
1	Total Import Quantity	Tổng số lượng nhập	g10_veston_production
1	Total Imported	Tổng số lượng nhập	g10_veston_production
1	Total Imported Quantity	Tổng luỹ kế nhập	g10_veston_production
1	Total Packages	Tổng số kiện	g10_stock
1	Total Quantity (Y)	Tổng số lượng (Y)	g10_stock
1	Total Quantity (m)	Tổng số lượng (m)	g10_stock
1	Total Quantity by Etyket	Tổng số lượng theo Etyket	g10_stock
1	Total Required	Tổng SL yêu cầu	g10_veston_production
1	Total Rolls	Tổng số kiện	g10_stock
1	Total Rolls / Style Code / Customer	Tổng số kiện / Mã hàng / Khách hàng	g10_stock
1	"Total consumed (%(consumed)s) for fabric type ""%(type)s"" exceeds quota (%(quota)s)!"	"Tổng tiêu hao (%(consumed)s) của loại vải ""%(type)s"" vượt quá định mức (%(quota)s)!"	g10_one_off_production
1	Total defect quantity must not be greater than the bundle quantity!	Tổng số lượng lỗi không được lớn hơn số lượng của Bọn!	g10_shirt_production
1	Total exported and imported quantity of sewing supplies for this production order.	Tổng số lượng Xuất và Nhập trên các phiếu cấp chuyền May của lệnh SX này.	g10_shirt_production
1	Total imported quantity of pressing supplies for returned product of this production order.	Tổng số lượng đã Nhập của các phiếu cấp hàng trả Là cho lệnh SX này.	g10_shirt_production
1	Total imported quantity of pressing supplies of this production order.	Tổng số lượng cấp Là của lệnh sản xuất này.	g10_shirt_production
1	Total imported quantity of sewing supplies for this production order.	Tổng số lượng đã Nhập trong các phiếu cấp May theo lệnh SX này.	g10_shirt_production
1	Tracking	Theo dõi	g10_hybrid_production
1	Transfer Finished Goods Destroy	Chuyển hàng thành phẩm về hủy	g10_stock
1	Trả hàng May	Trả hàng May	g10_shirt_production
1	Trả hàng May Veston	Trả hàng May về Cắt Veston	g10_veston_production
1	Unit From	ĐV xuất	g10_stock
1	Unit To	ĐV nhận	g10_stock
1	Units	Đơn vị	g10_master
1	Units of Measure Categories	Nhóm đơn vị tính	g10_master
1	Unmatched	Không khớp	g10_veston_production
1	Unpack Record	Phiếu mở kiện	g10_stock
1	Unsupported operator for production line search: %s	Toán tử không được hỗ trợ khi tìm kiếm Chuyền/Tổ SX: %s	g10_master
1	Unsupported operator for production type search: %s	Không hỗ trợ toán tử khi tìm kiếm loại hình SX: %s	g10_production
1	Unwashed fabric shrinkage	Độ co vải không giặt	g10_stock
1	Uom Uom (Material)	Đơn vị tính (NPL)	g10_miti_synchronization
1	Update Package	Cập nhật thông tin NPL	g10_stock
1	Update Product Count	Cập nhật SL sản phẩm trong dòng khung giác	g10_hybrid_production
1	Update Product Count for Marker Frame Line	Cập nhật số lượng sản phẩm cho dòng khung giác	g10_hybrid_production
1	Use Rich Attachment	Sử dụng tệp đính kèm mở rộng	g10_mattermost_integration
1	Used for special import purposes	Sử dụng cho mục đích import	g10_veston_production
1	Users	Người thực hiện	g10_stock
1	Utility Sortable State	Sắp xếp state theo trọng số	g10_production
1	Validate data	Xác nhận	g10_veston_production
1	Value of the last barcode scanned.	Giá trị của mã vạch cuối cùng được quét.	g10_stock
1	Vendor Code	Mã Nhà cung cấp	g10_master
1	Vendor Invoice	Số hóa đơn	g10_stock
1	Vendor Name	Tên Nhà cung cấp	g10_master
1	Vendors	Nhà cung cấp	g10_master
1	Verify document	Kiểm tra tài liệu	g10_production
1	Veston Lining 2B	Vải lót veston 2B	g10_one_off_production
1	Veston Lining 2B Code	Mã lót veston 2B	g10_one_off_production
1	Veston Lining 2B Length	Định mức lót veston 2B	g10_one_off_production
1	Veston Production	Sản xuất Veston	g10_veston_production
1	View Fabric Rolls	Xem cuộn vải	g10_stock
1	Vui lòng thêm chi tiết trước khi gửi duyệt.	Vui lòng thêm chi tiết trước khi gửi duyệt.	g10_shirt_production
1	Waiting	Chờ duyệt	g10_production
1	Warehouse Card	Thẻ kho	g10_stock
1	Warehouse From	Kho xuất	g10_stock
1	Warehouse To	Kho nhận	g10_stock
1	Washing Receive	Phiếu nhập giặt	g10_hybrid_production
1	Washing Receive Hybrid Line	Chi tiết Phiếu Nhập Hàng Từ Giặt Về May	g10_hybrid_production
1	Washing Receive Lines	Chi tiết	g10_hybrid_production
1	Washing Receives	Nhập Hàng Từ Giặt Về May	g10_hybrid_production
1	Washing Stage	Công đoạn Giặt	g10_hybrid_production
1	Washing Supplies	Nhập Hàng Giặt	g10_hybrid_production
1	Washing Supply	Phiếu nhập giặt	g10_hybrid_production
1	Washing Supply Hybrid Line	Chi tiết Phiếu Nhập Hàng Giặt	g10_hybrid_production
1	Washing Supply Lines	Chi tiết	g10_hybrid_production
1	Webhook	Webhook	g10_mattermost_integration
1	Webhook Url	URL webhook	g10_mattermost_integration
1	When a recheck form is completed, the inspection detail that match the inspector, the inspection time and the color will be saved in this field.	Khi một phiếu Recheck hoàn thành, Chi tiết kiểm hóa khớp với thông tin người kiểm, thời gian kiểm và Cỡ/Vóc sẽ được cập nhật vào trường này.	g10_veston_production
1	When a recheck form is completed, the inspection line that match the inspector and the inspection time will be saved in this field.	Khi phiếu Recheck hoàn thành, line kiểm hóa khớp với người kiểm và ca kiểm hóa sẽ được lưu vào trường này.	g10_veston_production
1	Width	Khổ	g10_shirt_production
1	Wizard Convert Marker Frame Template	Convert Marker Frame Template	g10_veston_production
1	Wizard to Split Package	Tách cuộn vải	g10_stock
1	Women	Nữ	g10_master
1	Yard (Y)	Y	g10_stock
1	Yes	Có	g10_hybrid_production
1	You are not allowed to change 'Sewing Inspection Before Washing' on this sewing supply.	Bạn không được phép thay đổi 'Kiểm hóa may trước giặt' trên phiếu cấp may này.	g10_hybrid_production
1	You are not allowed to change BTP Cutting Inspection state manually!	Bạn không được phép thay đổi thủ công trạng thái Kiểm tra BTP Cắt!	g10_veston_production
1	You are not allowed to change Cutting Inspection Post Pressing Detail state manually!	Bạn không được phép thay đổi thủ công trạng thái Chi tiết kiểm tra Cắt sau Là!	g10_veston_production
1	You are not allowed to change Inspection' state manually!	Không được phép thay đổi trạng thái phiếu kiểm hóa trực tiếp!	g10_production
1	You are not allowed to change Pressing production final' state manually!	Bạn không được phép thay đổi trạng thái của phiếu nhập hoàn thiện Là trực tiếp!	g10_production
1	You are not allowed to change Pressing supply return' state manually!	Không được phép thay đổi trực tiếp trạng thái phiếu cấp trả Là!	g10_shirt_production
1	You are not allowed to change Sewing supply return' state manually!	Không được thay đổi trạng thái phiếu cấp trả May trực tiếp!	g10_shirt_production
1	You are not allowed to change Sewing supply' state manually!	Bạn không được phép đổi trạng thái cấp may thủ công!	g10_shirt_production
1	You are not allowed to change Sewing supply's state manually!	Không được phép thay đổi trạng thái phiếu cấp May thủ công!	g10_veston_production
1	You are not allowed to change import document state manually!	Bạn không được phép thay đổi trạng thái phiếu nhập kho thủ công!	g10_veston_production
1	You are not allowed to change one-off inspection detail state or line manually!	Bạn không được phép thay đổi thủ công trạng thái hoặc dòng của chi tiết kiểm đơn chiếc!	g10_one_off_production
1	You are not allowed to change one-off inspection state manually!	Bạn không được phép thay đổi thủ công trạng thái kiểm đơn chiếc!	g10_one_off_production
1	You are not allowed to change one-off pressing inspection state manually!	Bạn không được phép thay đổi thủ công trạng thái kiểm là đơn chiếc!	g10_one_off_production
1	You are not allowed to change one-off pressing recheck completion fields manually!	Bạn không được phép thay đổi thủ công các trường hoàn thành của recheck là đơn chiếc!	g10_one_off_production
1	You are not allowed to change one-off pressing supply state manually!	Bạn không được phép thay đổi thủ công trạng thái phiếu cấp là đơn chiếc!	g10_one_off_production
1	You are not allowed to change one-off production order state manually!	Bạn không được phép thay đổi trạng thái Lệnh sản xuất đơn chiếc thủ công!	g10_one_off_production
1	You are not allowed to change one-off recheck completion fields manually!	Bạn không được phép thay đổi thủ công các trường hoàn thành của recheck đơn chiếc!	g10_one_off_production
1	You are not allowed to change one-off sewing supply state manually!	Bạn không được phép thay đổi thủ công trạng thái cấp may đơn chiếc!	g10_one_off_production
1	You are not allowed to change one-off stock import state manually!	Bạn không được phép thay đổi thủ công trạng thái phiếu nhập kho đơn chiếc!	g10_one_off_production
1	You are not allowed to change state manually!	Bạn không được phép thay đổi trạng thái thủ công!	g10_veston_production
1	You are not allowed to change the pressing return veston state manually!	Không được phép thay đổi trực tiếp trạng thái của phiếu cấp trả Là!	g10_veston_production
1	You are not allowed to change the sewing return veston state manually!	Không được phép  trực tiếp thay đổi trạng thái của phiếu trả May!	g10_veston_production
1	You are not allowed to change the state manually!	Không được phép thay đổi trạng thái phiếu trực tiếp!	g10_veston_production
1	You are not allowed to copy this record!	Bạn không được phép sao chép bản ghi này!	g10_veston_production
1	You are not allowed to create a finished product inspection manually!	Không được phép tạo thủ công phiếu Kiểm hóa kho thành phẩm!	g10_veston_production
1	You are not allowed to create a one-off inspection outside the draft state.	Bạn không được phép tạo kiểm đơn chiếc ngoài trạng thái nháp.	g10_one_off_production
1	You are not allowed to create a one-off pressing inspection outside the draft state.	Bạn không được phép tạo kiểm là đơn chiếc ngoài trạng thái nháp.	g10_one_off_production
1	You are not allowed to create a one-off pressing recheck outside the in progress state.	Bạn không được phép tạo recheck là đơn chiếc ngoài trạng thái đang thực hiện.	g10_one_off_production
1	You are not allowed to create a one-off recheck outside the in progress state.	Bạn không được phép tạo recheck đơn chiếc ngoài trạng thái đang thực hiện.	g10_one_off_production
1	You are not allowed to create finished product inspection lines manually!	Không được phép tạo thủ công chi tiết Kiểm hóa kho thành phẩm!	g10_veston_production
1	You are not allowed to duplicate sewing return veston!	Không được phép nhân bản phiếu trả May!	g10_veston_production
1	You are not allowed to duplicate this record!	Bạn không được phép nhân bản bản ghi này!	g10_veston_production
1	You are not allowed to edit a finished product inspection manually!	Không được phép chỉnh sửa trực tiếp phiếu kiểm kho!	g10_veston_production
1	You are not allowed to edit finished product inspection lines manually!	Không được phép chỉnh sửa trực tiếp chi tiết phiếu kiểm kho!	g10_veston_production
1	You are not allowed to preset one-off pressing recheck completion fields manually.	Bạn không được phép đặt trước thủ công các trường hoàn thành của recheck là đơn chiếc.	g10_one_off_production
1	You are not allowed to preset one-off recheck completion fields manually.	Bạn không được phép đặt trước thủ công các trường hoàn thành của recheck đơn chiếc.	g10_one_off_production
1	You can delete a cutting table allocation veston frame only if it is in draft or cancelled state!	Chỉ được phép xóa Chi tiết hạch toán bàn cắt Veston theo KGSĐ ở trạng thái Nháp hoặc Hủy!	g10_veston_production
1	You can delete a cutting table allocation veston line only if it is in draft or cancelled state!	Chỉ được phép xóa Chi tiết hạch toán bàn cắt Veston ở trạng thái Nháp hoặc Hủy!	g10_veston_production
1	You can delete a cutting table allocation veston only if it is in draft state!	Chỉ được phép xóa Hạch toán bàn cắt Veston ở trạng thái Nháp!	g10_veston_production
1	You can delete a cutting table allocation veston priority only if it is in draft or cancelled state!	Chỉ được phép xóa Thứ tự hạch toán bàn cắt Veston ở trạng thái Nháp hoặc Hủy!	g10_veston_production
1	You can delete a cutting table allocation veston sequence number only if it is in draft or cancelled state!	Chỉ được phép xóa Chi tiết STT cho HTBC Veston ở trạng thái Nháp hoặc Hủy!	g10_veston_production
1	You can fulfill start and end qty only if the cutting table allocation is in draft state!	Chỉ được phép tính toán Số bắt đầu/kết thúc khi phiếu HTBC ở trạng thái Nháp!	g10_veston_production
1	You can generate lines only if the cutting table allocation is in draft state!	Chỉ được phép lấy dữ liệu khi phiếu HTBC ở trạng thái Nháp!	g10_veston_production
1	You can load data only if the cutting table allocation is in draft state!	Chỉ được phép nhấn Lấy dữ liệu khi phiếu HTBC ở trạng thái Nháp!	g10_veston_production
1	You can only add one-off pressing supply lines while the parent supply is in draft or exported state!	Bạn chỉ có thể thêm dòng cấp là đơn chiếc khi phiếu cấp cha ở trạng thái nháp hoặc đã xuất!	g10_one_off_production
1	You can only add one-off sewing supply lines while the parent supply is in exported state!	Bạn chỉ có thể thêm dòng cấp may đơn chiếc khi phiếu cấp cha ở trạng thái đã xuất!	g10_one_off_production
1	You can only add one-off stock import lines while the parent import is in draft state!	Bạn chỉ có thể thêm dòng nhập kho đơn chiếc khi phiếu nhập cha ở trạng thái nháp!	g10_one_off_production
1	You can only add packages in Draft status!	Chỉ có thể thêm cuộn vải khi phiếu ở trạng thái Nháp!	g10_veston_production
1	You can only cancel documents with today inspection date!	Bạn chỉ có thể hủy các phiếu có ngày kiểm là ngày hôm nay!	g10_veston_production
1	You can only cancel exported one-off stock imports!	Bạn chỉ có thể hủy phiếu nhập kho đơn chiếc đã xuất!	g10_one_off_production
1	You can only confirm a Cutting Inspection Post Pressing if all lines are checked as pass!	Chỉ được phép Xác nhận phiếu Kiểm ép sau cắt khi tất cả các dòng chi tiết được đánh dấu Đạt!	g10_veston_production
1	You can only confirm a sewing productivity that is in the Draft state.	Chỉ được phép xác nhận phiếu ghi nhận năng suất ở trạng thái Nháp.	g10_shirt_production
1	You can only confirm inspection line that marked as pass!	Bạn chỉ có thể xác nhận dòng kiểm tra được đánh dấu đạt!	g10_veston_production
1	You can only confirm lines in draft documents!	Bạn chỉ có thể xác nhận các dòng trong chứng từ nháp!	g10_veston_production
1	You can only delete BTP Cutting Inspections in draft state!	Chỉ có thể xóa phiếu kiểm tra BTP cắt ở trạng thái nháp!	g10_veston_production
1	You can only delete Cutting Inspection Post Pressing Detail in draft state!	Chỉ được phép xóa phiếu Kiểm ép sau cắt chi tiết ở trạng thái Nháp!	g10_veston_production
1	You can only delete Cutting Inspection Post Pressing Detail lines in draft state!	Chỉ được phép xóa dòng Kiểm ép sau Cắt chi tiết ở trạng thái Nháp!	g10_veston_production
1	You can only delete Cutting Inspection Returns in draft state!	Chỉ được phép xóa phiếu Kiểm trả Cắt ở trạng thái Nháp!	g10_shirt_production
1	You can only delete Cutting Inspection defect returns in draft state!	Chỉ được phép xóa chi tiết lỗi kiểm trả Cắt ở trạng thái Nháp!	g10_shirt_production
1	You can only delete Cutting Inspection defects in draft state!	Chỉ được phép xóa chi tiết lỗi kiểm Cắt ở trạng thái Nháp!	g10_shirt_production
1	You can only delete Cutting Inspection line returns in draft state!	Chỉ được phép xóa chi tiết kiểm trả Cắt ở trạng thái Nháp!	g10_shirt_production
1	You can only delete Cutting Inspection lines in draft state!	Chỉ được phép xóa chi tiết kiểm hóa Cắt ở trạng thái Nháp!	g10_shirt_production
1	You can only delete Cutting Inspections Post Pressing in draft state!	Chỉ được phép xóa phiếu kiểm ép sau Cắt ở trạng thái nháp!	g10_veston_production
1	You can only delete Cutting Inspections Veston defect in draft state!	Chỉ được phép xóa phiếu kiểm Cắt Veston ở trạng thái nháp!	g10_veston_production
1	You can only delete Cutting Inspections Veston in draft state!	Chỉ được phép xóa phiếu kiểm cắt Veston ở trạng thái nháp!	g10_veston_production
1	You can only delete Cutting Inspections Veston line in draft state!	Chỉ được phép xóa chi tiết kiểm Cắt Veston ở trạng thái nháp!	g10_veston_production
1	You can only delete Cutting Inspections hybrid defect in draft state!	Bạn chỉ có thể xóa lỗi của phiếu kiểm hóa cắt hỗn hợp ở trạng thái nháp!	g10_hybrid_production
1	You can only delete Cutting Inspections hybrid in draft state!	Bạn chỉ có thể xóa phiếu kiểm hóa cắt hỗn hợp ở trạng thái nháp!	g10_hybrid_production
1	You can only delete Cutting Inspections hybrid line in draft state!	Bạn chỉ có thể xóa chi tiết phiếu kiểm hóa cắt hỗn hợp ở trạng thái nháp!	g10_hybrid_production
1	You can only delete Cutting Inspections in draft state!	Chỉ được phép xóa phiếu kiểm hóa Cắt ở trạng thái Nháp!	g10_shirt_production
1	You can only delete Cutting Production Quantity in draft state!	Bạn chỉ có thể xóa Số lượng SX Cắt ở trạng thái dự thảo!	g10_shirt_production
1	You can only delete Cutting Table Allocation Line in draft state!	Chỉ được phép xóa chi tiết Hạch toán bàn cắt ở trạng thái Nháp!	g10_shirt_production
1	You can only delete Cutting Table Allocation in draft state!	Chỉ được phép xóa phiếu Hạch toán bàn cắt ở trạng thái Nháp!	g10_shirt_production
1	You can only delete a one-off pressing inspection that is in the draft state.	Bạn chỉ có thể xóa phiếu kiểm là đơn chiếc ở trạng thái nháp.	g10_one_off_production
1	You can only delete a one-off pressing recheck that is in progress state.	Bạn chỉ có thể xóa phiếu recheck là đơn chiếc ở trạng thái đang thực hiện.	g10_one_off_production
1	You can only delete a one-off sewing inspection that is in the draft state.	Bạn chỉ có thể xóa phiếu kiểm may đơn chiếc ở trạng thái nháp.	g10_one_off_production
1	You can only delete a one-off sewing recheck that is in progress state.	Bạn chỉ có thể xóa phiếu recheck may đơn chiếc ở trạng thái đang thực hiện.	g10_one_off_production
1	You can only delete a pressing recheck Veston that is in progress state.	Chỉ được phép xóa phiếu Recheck Veston ở trạng thái đang xử lý.	g10_veston_production
1	You can only delete a pressing recheck line that is in the progress state.	Chỉ được phép xóa chi tiết Recheck Là ở trạng thái Đang thực hiện.	g10_shirt_production
1	You can only delete a pressing recheck that is in the progress state.	Chỉ được phép xóa phiếu Recheck Là ở trạng thái Đang thực hiện.	g10_shirt_production
1	You can only delete a sewing inspection line return that is in the draft state.	Chỉ được phép xóa chi tiết kiểm hóa trả May ở trạng thái Nháp.	g10_shirt_production
1	You can only delete a sewing inspection return that is in the draft state.	Chỉ được phép xóa phiếu kiểm trả May ở trạng thái Nháp.	g10_shirt_production
1	You can only delete a sewing production quality that is in the draft state.	Chỉ được phép xóa phiếu KCS May ở trạng thái Nháp.	g10_shirt_production
1	You can only delete a sewing productivity line that is in the draft state.	Chỉ được phép xóa chi tiết phiếu Ghi nhận năng suất tổ May ở trạng thái Nháp.	g10_shirt_production
1	You can only delete a sewing productivity that is in the draft state.	Chỉ được phép xóa phiếu ghi nhận năng suất tổ May ở trạng thái Nháp.	g10_shirt_production
1	You can only delete a sewing recheck line return that is in the draft state.	Chỉ được phép xóa chi tiết phiếu Recheck trả May ở trạng thái Nháp.	g10_shirt_production
1	You can only delete a sewing recheck line that is in the progress state.	Chỉ được phép xóa chi tiết Recheck may ở trạng thái Đang thực hiện.	g10_shirt_production
1	You can only delete a sewing recheck return that is in the draft state.	Chỉ được phép xóa phiếu Recheck trả May ở trạng thái Nháp.	g10_shirt_production
1	You can only delete a sewing recheck that is in the progress state.	Chỉ được phép xóa phiếu Recheck may ở trạng thái Đang thực hiện.	g10_shirt_production
1	You can only delete a sewing recheck veston that is in progress state.	Chỉ được phép xóa phiếu recheck May Veston ở trạng thái đang xử lý.	g10_veston_production
1	You can only delete document in draft state!	Bạn chỉ được xóa tài liệu ở trạng thái Nháp!	g10_veston_production
1	You can only delete fabric rolls when the request is in draft state.	"Bạn chỉ có thể xóa các cuộn vải khi Yêu cầu ở trạng thái ""nháp""."	g10_stock
1	You can only delete final factory inspection lines in draft state!	Chỉ được phép xóa chi tiết phiếu Kiểm final Xí nghiệp ở trạng thái Nháp!	g10_production
1	You can only delete final factory inspections in draft state!	Chỉ được phép xóa phiếu Kiểm final Xí nghiệp ở trạng thái Nháp!	g10_production
1	You can only delete final inspection lines in draft state!	Chỉ được phép xóa chi tiết phiếu kiểm final ở trạng thái Nháp!	g10_production
1	You can only delete final inspections in draft state!	Chỉ được phép xóa phiếu kiểm final ở trạng thái Nháp!	g10_production
1	You can only delete import lines in draft state!	Bạn chỉ được xóa các dòng chi tiết ở trạng thái Nháp!	g10_veston_production
1	You can only delete one-off pressing supplies in draft state!	Bạn chỉ có thể xóa phiếu cấp là đơn chiếc ở trạng thái nháp!	g10_one_off_production
1	You can only delete one-off pressing supply lines while the parent supply is in draft or exported state!	Bạn chỉ có thể xóa dòng cấp là đơn chiếc khi phiếu cấp cha ở trạng thái nháp hoặc đã xuất!	g10_one_off_production
1	You can only delete one-off production line details in draft state!	Bạn chỉ có thể xóa chi tiết Chi tiết lệnh SX đơn chiếc ở trạng thái nháp!	g10_one_off_production
1	You can only delete one-off production lines in draft state!	Bạn chỉ có thể xóa Chi tiết lệnh SX đơn chiếc ở trạng thái nháp!	g10_one_off_production
1	You can only delete one-off production orders in draft state!	Bạn chỉ có thể xóa Lệnh sản xuất đơn chiếc ở trạng thái nháp!	g10_one_off_production
1	You can only delete one-off sewing supplies in draft state!	Bạn chỉ có thể xóa phiếu cấp may đơn chiếc ở trạng thái nháp!	g10_one_off_production
1	You can only delete one-off sewing supply lines while the parent supply is in exported state!	Bạn chỉ có thể xóa dòng cấp may đơn chiếc khi phiếu cấp cha ở trạng thái đã xuất!	g10_one_off_production
1	You can only delete one-off stock import lines while the parent import is in draft state!	Bạn chỉ có thể xóa dòng nhập kho đơn chiếc khi phiếu nhập cha ở trạng thái nháp!	g10_one_off_production
1	You can only delete one-off stock imports in draft state!	Bạn chỉ có thể xóa phiếu nhập kho đơn chiếc ở trạng thái nháp!	g10_one_off_production
1	You can only delete pressing inspection lines in draft state!	Chỉ được phép xóa chi tiết kiểm hóa Là ở trạng thái Nháp!	g10_shirt_production
1	You can only delete pressing inspections Veston in draft state!	Chỉ được phép xóa phiếu kiểm hóa Là Veston ở trạng thái nháp!	g10_veston_production
1	You can only delete pressing inspections in draft state!	Chỉ được phép xóa phiếu kiểm hóa Là ở trạng thái Nháp!	g10_shirt_production
1	You can only delete pressing production finals in draft state!	Chỉ được phép xóa phiếu Nhập hoàn thiện là ở trạng thái Nháp!	g10_production
1	You can only delete pressing production quality in draft state!	Chỉ được phép xóa phiếu KCS Là ở trạng thái Nháp!	g10_shirt_production
1	You can only delete pressing return veston that are in draft state.	Chỉ được phép xóa phiếu trả Là ở trạng thái Nháp.	g10_veston_production
1	You can only delete pressing supplies in draft state!	Chỉ được phép xóa phiếu cấp Là ở trạng thái Nháp!	g10_shirt_production
1	You can only delete pressing supply line returns in draft state!	Chỉ được phép xóa chi tiết phiếu cấp Là ở trạng thái Nháp!	g10_shirt_production
1	You can only delete pressing supply lines in draft state!	Chỉ được phép xóa chi tiết phiếu cấp Là ở trạng thái Nháp!	g10_shirt_production
1	You can only delete pressing supply return lines that are in draft state.	Bạn chỉ có thể xóa các dòng trả cấp Là đang ở trạng thái nháp.	g10_veston_production
1	You can only delete pressing supply returns in draft state!	Chỉ được phép xóa phiếu cấp trả Là ở trạng thái Nháp!	g10_shirt_production
1	You can only delete pressing veston supplies in draft state!	Chỉ được phép xóa phiếu cấp Là Veston ở  trạng thái Nháp!	g10_veston_production
1	You can only delete record that are in draft state.	Chỉ được phép xóa bản ghi ở trạng thái Nháp.	g10_veston_production
1	You can only delete records in Draft state!	Bạn chỉ có thể xóa các bản ghi ở trạng thái Nháp!	g10_veston_production
1	You can only delete records that are in draft state.	Chỉ được phép xóa bản ghi ở trạng thái Nháp.	g10_veston_production
1	You can only delete return lines that are in draft state.	Chỉ được phép xóa chi tiết ở trạng thái Nháp.	g10_veston_production
1	You can only delete sewing return veston lines that are in draft state.	Chỉ được phép xóa chi tiết phiếu trả May ở trạng thái Nháp.	g10_veston_production
1	You can only delete sewing return veston that are in draft state.	Chỉ được phép xóa phiếu trả May ở trạng thái Nháp.	g10_veston_production
1	You can only delete sewing supply line returns that is in the draft state.	Chỉ được phép xóa chi tiết cấp trả May ở trạng thái Nháp.	g10_shirt_production
1	You can only delete sewing supply lines that is in the draft state.	Chỉ được phép xóa chi tiết cấp May ở trạng thái Nháp.	g10_shirt_production
1	You can only delete sewing supply return that is in the draft state.	Chỉ được phép xóa phiếu trả hàng May ở trạng thái Nháp.	g10_shirt_production
1	You can only delete unlocked BTP Cutting Inspection lines in draft state!	Bạn chỉ có thể xóa các dòng Kiểm tra BTP Cắt chưa khóa ở trạng thái nháp!	g10_veston_production
1	You can only delete washing receive records in Draft state.	Chỉ được phép xóa phiếu nhập giặt ở trạng thái Nháp.	g10_hybrid_production
1	You can only edit lines in draft documents!	Bạn chỉ có thể chỉnh sửa các dòng trong chứng từ nháp!	g10_veston_production
1	You can only edit lines in draft state!	Bạn chỉ có thể chỉnh sửa các dòng ở trạng thái nháp!	g10_veston_production
1	You can only edit one-off pressing supplies in draft state!	Bạn chỉ có thể chỉnh sửa phiếu cấp là đơn chiếc ở trạng thái nháp!	g10_one_off_production
1	You can only edit one-off pressing supply lines while the parent supply is in draft or exported state!	Bạn chỉ có thể chỉnh sửa dòng cấp là đơn chiếc khi phiếu cấp cha ở trạng thái nháp hoặc đã xuất!	g10_one_off_production
1	You can only edit one-off production line details in draft state!	Bạn chỉ có thể chỉnh sửa chi tiết Chi tiết lệnh SX đơn chiếc ở trạng thái nháp!	g10_one_off_production
1	You can only edit one-off production lines in draft state!	Bạn chỉ có thể chỉnh sửa Chi tiết lệnh SX đơn chiếc ở trạng thái nháp!	g10_one_off_production
1	You can only edit one-off production orders in draft state!	Bạn chỉ có thể chỉnh sửa Lệnh sản xuất đơn chiếc ở trạng thái nháp!	g10_one_off_production
1	You can only edit one-off sewing supply lines while the parent supply is in exported state!	Bạn chỉ có thể chỉnh sửa chi tiết phiếu cấp may khi phiếu cấp ở trạng thái đã xuất!	g10_one_off_production
1	You can only edit one-off stock import lines while the parent import is in draft state!	Bạn chỉ có thể chỉnh sửa dòng nhập kho đơn chiếc khi phiếu nhập cha ở trạng thái nháp!	g10_one_off_production
1	You can only edit one-off stock imports in draft state!	Bạn chỉ có thể chỉnh sửa phiếu nhập kho đơn chiếc ở trạng thái nháp!	g10_one_off_production
1	You can only edit package lines while the body-change is in Draft!	Chỉ có thể chỉnh sửa dòng cuộn vải khi phiếu thay thân ở trạng thái Nháp!	g10_veston_production
1	You can only import fabric rolls when the request is in draft state.	"Bạn chỉ có thể nhập cuộn vải khi yêu cầu đang ở trạng thái ""nháp""."	g10_stock
1	You can only import into one-off production orders in draft state!	Bạn chỉ có thể nhập vào Lệnh sản xuất đơn chiếc ở trạng thái nháp!	g10_one_off_production
1	You can only load data for draft documents!	Bạn chỉ có thể lấy dữ liệu cho chứng từ nháp!	g10_veston_production
1	You can only record a sewing productivity that is in the Confirm state.	Chỉ được phép ghi nhận phiếu ghi nhận sản lượng ở trạng thái Xác nhận.	g10_shirt_production
1	You can only reject a sewing productivity that is in the Confirm state.	Chỉ được phép từ chối phiếu ghi nhận sản lượng ở trạng thái xác nhận.	g10_shirt_production
1	You can only remove packages in Draft status!	Chỉ có thể xóa cuộn vải khi phiếu ở trạng thái Nháp!	g10_veston_production
1	You can only select bundle numbers supplied to your production line.	Chỉ được phép chọn STT đã được cấp cho chuyền/tổ của bạn.	g10_veston_production
1	You can only set to draft a sewing production quality whose related pressing supplies are in the draft state.	Chỉ được phép chuyển phiếu KCS May về Nháp khi các phiếu cấp Là liên quan đều ở trạng thái Nháp.	g10_shirt_production
1	You can only update fabric rolls when the request is in draft state.	"Bạn chỉ có thể cập nhật cuộn vải khi yêu cầu đang ở trạng thái ""nháp""."	g10_stock
1	You can only update the product count when the marker frame line is in draft or in process state.	Bạn chỉ có thể cập nhật số lượng khi dòng khung giác đang ở trạng thái Nháp (Draft) hoặc Đang thực hiện (In Process).	g10_hybrid_production
1	You can't delete production orders!	Không thể xóa lệnh sản xuất!	g10_production
1	You can't update the inspection line when it's in the 'done' state.	Không được phép cập nhật thông tin chi tiết phiếu kiểm hóa ở trạng thái Hoàn thành.	g10_production
1	You cannot choose more than one marker frame	Bạn không thể chọn nhiều khung giác sơ đồ	g10_report
1	You cannot confirm a Cutting Inspection Post Pressing Detail without lines!	Bạn không thể xác nhận phiếu Kiểm ép sau cắt chi tiết nếu không có các dòng chi tiết!	g10_veston_production
1	You cannot confirm a Cutting Inspection Post Pressing without lines!	Không thể xác nhận phiếu kiểm ép sau Cắt nếu không có dòng chi tiết nào!	g10_veston_production
1	You cannot confirm a one-off production order without import lines.	Bạn không thể xác nhận Lệnh sản xuất đơn chiếc khi không có dòng chi tiết.	g10_one_off_production
1	You cannot confirm a sewing productivity without any line.	Bạn không thể xác nhận năng suất may khi không có dòng nào.	g10_shirt_production
1	You cannot confirm this inspection because the accumulated imported quantity (%s) exceeds the required quantity (%s).	Bạn không thể xác nhận phiếu kiểm này vì số lượng nhập lũy kế (%s) vượt quá số lượng yêu cầu (%s).	g10_veston_production
1	You cannot confirm this inspection because the accumulated imported quantity (%s) is still lower than the required quantity (%s).	Bạn không thể xác nhận phiếu kiểm này vì số lượng nhập lũy kế (%s) vẫn nhỏ hơn số lượng yêu cầu (%s).	g10_veston_production
1	You cannot confirm without export lines!	Không thể xác nhận phiếu không có dòng chi tiết!	g10_veston_production
1	You cannot confirm without inspection lines!	Bạn không thể xác nhận phiếu Kiểm BTP cắt nếu không có các dòng chi tiết!	g10_veston_production
1	You cannot delete a marker frame if it is linked to any confirmed veston allocation.	Không được phép xóa KGSĐ nếu chúng có liên quan tới một phiếu HTBC ở trạng thái xác nhận.	g10_veston_production
1	You cannot delete a marker frame line in confirm state.	Không thể xóa dòng KGSĐ ở trạng thái Xác nhận.	g10_veston_production
1	You cannot delete a marker frame line size in confirm state.	Không thể xóa dòng chi tiết cỡ/vóc KGSĐ ở trạng thái Xác nhận.	g10_veston_production
1	You cannot delete invalid one-off product components.	Bạn không thể xóa thành phần sản phẩm đơn chiếc không hợp lệ.	g10_one_off_production
1	You cannot export a document without import lines.	Bạn không thể xuất chứng từ khi không có dòng chi tiết.	g10_veston_production
1	You cannot export a return without any lines.	Không thể Xuất bản ghi chưa có dòng chi tiết.	g10_veston_production
1	You cannot export a supply return without any lines.	Cần nhập ít nhất một dòng chi tiết trước khi nhấn Xuất.	g10_shirt_production
1	You cannot export a supply without any lines.	Không thể xuất phiếu không có chi tiết.	g10_veston_production
1	You cannot import a document without import lines.	Bạn không thể nhập chứng từ khi không có dòng chi tiết.	g10_veston_production
1	You cannot import a sewing supply with a line without any details.	Không thể nhập phiếu cấp May khi có dòng chi tiết không có Chi tiết công đoạn.	g10_one_off_production
1	You cannot import a sewing supply without any color-separation lines.	Bạn không thể nhập phiếu cấp may khi không có dòng tách màu nào.	g10_one_off_production
1	You cannot mix 'Allocation Entire for' option for the same fabric type in a Marker frame!	Không được phép chọn lẫn các loại vải có nhiều kiểu hạch toán cả mã, model ... trong cùng một KGSĐ!	g10_veston_production
1	You cannot mix fabrics that require inspection with fabrics that do not require inspection in the same cutting table allocation!	Không được phép loại vải có kiểm hóa và không kiểm hóa trên cùng một phiếu HTBC!	g10_veston_production
1	You cannot modify confirmed lines!	Bạn không thể chỉnh sửa các dòng đã xác nhận!	g10_veston_production
1	You cannot modify locked lines!	Không được phép chỉnh sửa dòng chi tiết đã khóa!	g10_veston_production
1	You cannot update this line because bundles %s have sewing supply returns.	Bạn không thể cập nhật dòng này vì Bọn %s đang có trả cấp may.	g10_shirt_production
1	You cannot update this line because its bundles have already been supplied to sewing.	Bạn không thể cập nhật dòng này vì các Bọn đã được cấp cho tổ may.	g10_shirt_production
1	You do not have permission to resync production lines from Miti.	"Cần hủy các phiếu HTBC Veston sau trước khi đồng bộ lại lệnh SX: 
+ %s"	g10_miti_synchronization
1	You must allocate all marker frame lines that have the same colors as the selected frame lines in the cutting table allocation!	Phải hạch toán tất cả các chi tiết KGSĐ có cùng Màu trong phiếu HTBC!	g10_veston_production
1	"You must cancel below cutting table allocations before resyncing production lines from Miti:
+ %s"	"Cần hủy các phiếu HTBC Veston sau trước khi đồng bộ lại lệnh SX: 
+ %s"	g10_miti_synchronization
1	import Sub POs	Nhập kho có Sub PO	g10_veston_production
1	import no Sub POs	Nhập kho không có Sub PO	g10_veston_production
1	"products fewer than the required quantity.<br/>
                        Are you sure you want to confirm completion of the production order?"	"sản phẩm so với số lượng yêu cầu.<br/>
Bạn có chắc chắn xác nhận hoàn thành lệnh không?"	g10_production
1	quantity request	SL yêu cầu	g10_stock
1	Đề nghị Cấp/Đổi/Vay NPL	Đề nghị Cấp/Đổi/Vay NPL	g10_shirt_production
